No,frame,x,y
0.0,1.0,811.0,343.0
1.0,1.0,812.0,365.0
2.0,1.0,814.0,387.0
3.0,1.0,818.0,407.0
4.0,1.0,828.0,424.0
5.0,1.0,843.0,438.0
6.0,1.0,862.0,448.0
7.0,1.0,884.0,454.0
8.0,1.0,906.0,456.0
9.0,1.0,925.0,453.0
10.0,1.0,939.0,443.0
11.0,1.0,950.0,429.0
12.0,1.0,958.0,413.0
13.0,1.0,963.0,396.0
14.0,1.0,966.0,378.0
15.0,1.0,968.0,360.0
16.0,1.0,969.0,342.0
17.0,1.0,839.0,313.0
18.0,1.0,851.0,302.0
19.0,1.0,865.0,298.0
20.0,1.0,881.0,298.0
21.0,1.0,896.0,304.0
22.0,1.0,915.0,305.0
23.0,1.0,928.0,302.0
24.0,1.0,941.0,303.0
25.0,1.0,952.0,307.0
26.0,1.0,958.0,317.0
27.0,1.0,908.0,324.0
28.0,1.0,909.0,334.0
29.0,1.0,911.0,345.0
30.0,1.0,913.0,356.0
31.0,1.0,891.0,371.0
32.0,1.0,900.0,373.0
33.0,1.0,909.0,375.0
34.0,1.0,917.0,373.0
35.0,1.0,924.0,372.0
36.0,1.0,857.0,328.0
37.0,1.0,865.0,324.0
38.0,1.0,874.0,324.0
39.0,1.0,881.0,328.0
40.0,1.0,874.0,329.0
41.0,1.0,865.0,329.0
42.0,1.0,924.0,329.0
43.0,1.0,932.0,326.0
44.0,1.0,940.0,328.0
45.0,1.0,946.0,332.0
46.0,1.0,940.0,332.0
47.0,1.0,933.0,331.0
48.0,1.0,879.0,407.0
49.0,1.0,892.0,396.0
50.0,1.0,903.0,391.0
51.0,1.0,910.0,394.0
52.0,1.0,918.0,392.0
53.0,1.0,926.0,397.0
54.0,1.0,932.0,407.0
55.0,1.0,925.0,412.0
56.0,1.0,918.0,414.0
57.0,1.0,909.0,414.0
58.0,1.0,901.0,414.0
59.0,1.0,890.0,413.0
60.0,1.0,884.0,406.0
61.0,1.0,902.0,400.0
62.0,1.0,910.0,400.0
63.0,1.0,918.0,400.0
64.0,1.0,928.0,406.0
65.0,1.0,918.0,402.0
66.0,1.0,909.0,403.0
67.0,1.0,902.0,403.0
0.0,2.0,827.0,341.0
1.0,2.0,827.0,363.0
2.0,2.0,827.0,385.0
3.0,2.0,830.0,406.0
4.0,2.0,839.0,424.0
5.0,2.0,854.0,438.0
6.0,2.0,874.0,449.0
7.0,2.0,896.0,456.0
8.0,2.0,918.0,458.0
9.0,2.0,938.0,456.0
10.0,2.0,953.0,447.0
11.0,2.0,964.0,433.0
12.0,2.0,972.0,417.0
13.0,2.0,977.0,399.0
14.0,2.0,981.0,382.0
15.0,2.0,982.0,364.0
16.0,2.0,982.0,347.0
17.0,2.0,857.0,309.0
18.0,2.0,868.0,297.0
19.0,2.0,883.0,292.0
20.0,2.0,900.0,293.0
21.0,2.0,914.0,299.0
22.0,2.0,934.0,303.0
23.0,2.0,946.0,301.0
24.0,2.0,959.0,303.0
25.0,2.0,969.0,308.0
26.0,2.0,974.0,320.0
27.0,2.0,926.0,321.0
28.0,2.0,927.0,332.0
29.0,2.0,929.0,343.0
30.0,2.0,931.0,355.0
31.0,2.0,907.0,369.0
32.0,2.0,917.0,371.0
33.0,2.0,926.0,374.0
34.0,2.0,934.0,373.0
35.0,2.0,941.0,372.0
36.0,2.0,874.0,325.0
37.0,2.0,882.0,321.0
38.0,2.0,891.0,321.0
39.0,2.0,899.0,326.0
40.0,2.0,891.0,327.0
41.0,2.0,882.0,326.0
42.0,2.0,942.0,330.0
43.0,2.0,950.0,328.0
44.0,2.0,958.0,330.0
45.0,2.0,963.0,335.0
46.0,2.0,957.0,334.0
47.0,2.0,950.0,333.0
48.0,2.0,892.0,405.0
49.0,2.0,907.0,395.0
50.0,2.0,919.0,390.0
51.0,2.0,926.0,392.0
52.0,2.0,934.0,391.0
53.0,2.0,941.0,397.0
54.0,2.0,946.0,409.0
55.0,2.0,940.0,413.0
56.0,2.0,932.0,414.0
57.0,2.0,924.0,414.0
58.0,2.0,916.0,413.0
59.0,2.0,905.0,411.0
60.0,2.0,898.0,404.0
61.0,2.0,918.0,399.0
62.0,2.0,925.0,400.0
63.0,2.0,933.0,400.0
64.0,2.0,941.0,407.0
65.0,2.0,932.0,402.0
66.0,2.0,924.0,402.0
67.0,2.0,917.0,402.0
0.0,3.0,830.0,340.0
1.0,3.0,829.0,363.0
2.0,3.0,829.0,386.0
3.0,3.0,832.0,408.0
4.0,3.0,841.0,426.0
5.0,3.0,856.0,440.0
6.0,3.0,876.0,449.0
7.0,3.0,898.0,455.0
8.0,3.0,921.0,457.0
9.0,3.0,941.0,455.0
10.0,3.0,956.0,447.0
11.0,3.0,967.0,434.0
12.0,3.0,976.0,419.0
13.0,3.0,981.0,403.0
14.0,3.0,985.0,385.0
15.0,3.0,987.0,368.0
16.0,3.0,988.0,351.0
17.0,3.0,863.0,307.0
18.0,3.0,875.0,294.0
19.0,3.0,891.0,289.0
20.0,3.0,908.0,290.0
21.0,3.0,923.0,298.0
22.0,3.0,940.0,302.0
23.0,3.0,953.0,300.0
24.0,3.0,966.0,302.0
25.0,3.0,977.0,310.0
26.0,3.0,981.0,322.0
27.0,3.0,933.0,321.0
28.0,3.0,934.0,332.0
29.0,3.0,936.0,342.0
30.0,3.0,937.0,353.0
31.0,3.0,912.0,369.0
32.0,3.0,922.0,371.0
33.0,3.0,931.0,374.0
34.0,3.0,940.0,373.0
35.0,3.0,947.0,373.0
36.0,3.0,879.0,322.0
37.0,3.0,888.0,318.0
38.0,3.0,898.0,319.0
39.0,3.0,905.0,324.0
40.0,3.0,898.0,325.0
41.0,3.0,888.0,324.0
42.0,3.0,947.0,330.0
43.0,3.0,956.0,327.0
44.0,3.0,964.0,330.0
45.0,3.0,969.0,336.0
46.0,3.0,963.0,335.0
47.0,3.0,956.0,333.0
48.0,3.0,896.0,405.0
49.0,3.0,911.0,395.0
50.0,3.0,923.0,389.0
51.0,3.0,930.0,393.0
52.0,3.0,938.0,391.0
53.0,3.0,945.0,399.0
54.0,3.0,949.0,411.0
55.0,3.0,943.0,414.0
56.0,3.0,935.0,415.0
57.0,3.0,927.0,414.0
58.0,3.0,919.0,413.0
59.0,3.0,908.0,411.0
60.0,3.0,901.0,404.0
61.0,3.0,922.0,400.0
62.0,3.0,929.0,401.0
63.0,3.0,937.0,402.0
64.0,3.0,945.0,409.0
65.0,3.0,936.0,403.0
66.0,3.0,928.0,403.0
67.0,3.0,921.0,402.0
0.0,4.0,825.0,343.0
1.0,4.0,824.0,365.0
2.0,4.0,825.0,388.0
3.0,4.0,828.0,409.0
4.0,4.0,837.0,426.0
5.0,4.0,853.0,439.0
6.0,4.0,874.0,448.0
7.0,4.0,897.0,454.0
8.0,4.0,919.0,456.0
9.0,4.0,940.0,454.0
10.0,4.0,955.0,446.0
11.0,4.0,968.0,434.0
12.0,4.0,977.0,418.0
13.0,4.0,983.0,402.0
14.0,4.0,987.0,384.0
15.0,4.0,988.0,367.0
16.0,4.0,988.0,350.0
17.0,4.0,858.0,308.0
18.0,4.0,870.0,294.0
19.0,4.0,886.0,287.0
20.0,4.0,904.0,288.0
21.0,4.0,919.0,296.0
22.0,4.0,936.0,300.0
23.0,4.0,950.0,296.0
24.0,4.0,964.0,299.0
25.0,4.0,975.0,307.0
26.0,4.0,979.0,320.0
27.0,4.0,930.0,319.0
28.0,4.0,931.0,329.0
29.0,4.0,933.0,339.0
30.0,4.0,935.0,349.0
31.0,4.0,911.0,366.0
32.0,4.0,921.0,368.0
33.0,4.0,930.0,371.0
34.0,4.0,938.0,370.0
35.0,4.0,945.0,369.0
36.0,4.0,876.0,322.0
37.0,4.0,886.0,317.0
38.0,4.0,895.0,317.0
39.0,4.0,903.0,323.0
40.0,4.0,895.0,324.0
41.0,4.0,886.0,324.0
42.0,4.0,944.0,328.0
43.0,4.0,954.0,325.0
44.0,4.0,962.0,327.0
45.0,4.0,966.0,334.0
46.0,4.0,960.0,333.0
47.0,4.0,953.0,331.0
48.0,4.0,895.0,403.0
49.0,4.0,909.0,391.0
50.0,4.0,922.0,386.0
51.0,4.0,929.0,389.0
52.0,4.0,936.0,388.0
53.0,4.0,944.0,395.0
54.0,4.0,948.0,408.0
55.0,4.0,942.0,411.0
56.0,4.0,934.0,411.0
57.0,4.0,926.0,411.0
58.0,4.0,919.0,410.0
59.0,4.0,907.0,408.0
60.0,4.0,900.0,401.0
61.0,4.0,921.0,396.0
62.0,4.0,928.0,397.0
63.0,4.0,935.0,397.0
64.0,4.0,944.0,406.0
65.0,4.0,935.0,400.0
66.0,4.0,927.0,400.0
67.0,4.0,920.0,399.0
0.0,5.0,822.0,342.0
1.0,5.0,822.0,364.0
2.0,5.0,823.0,386.0
3.0,5.0,825.0,408.0
4.0,5.0,834.0,425.0
5.0,5.0,850.0,438.0
6.0,5.0,871.0,446.0
7.0,5.0,896.0,449.0
8.0,5.0,919.0,450.0
9.0,5.0,939.0,448.0
10.0,5.0,954.0,443.0
11.0,5.0,967.0,433.0
12.0,5.0,976.0,419.0
13.0,5.0,981.0,403.0
14.0,5.0,985.0,386.0
15.0,5.0,986.0,369.0
16.0,5.0,987.0,351.0
17.0,5.0,855.0,306.0
18.0,5.0,866.0,292.0
19.0,5.0,882.0,284.0
20.0,5.0,900.0,284.0
21.0,5.0,915.0,291.0
22.0,5.0,935.0,295.0
23.0,5.0,948.0,292.0
24.0,5.0,962.0,296.0
25.0,5.0,972.0,303.0
26.0,5.0,977.0,316.0
27.0,5.0,928.0,316.0
28.0,5.0,929.0,325.0
29.0,5.0,930.0,335.0
30.0,5.0,932.0,345.0
31.0,5.0,907.0,361.0
32.0,5.0,917.0,364.0
33.0,5.0,927.0,366.0
34.0,5.0,935.0,365.0
35.0,5.0,943.0,364.0
36.0,5.0,872.0,321.0
37.0,5.0,881.0,315.0
38.0,5.0,890.0,315.0
39.0,5.0,899.0,321.0
40.0,5.0,891.0,322.0
41.0,5.0,881.0,322.0
42.0,5.0,942.0,326.0
43.0,5.0,952.0,323.0
44.0,5.0,960.0,325.0
45.0,5.0,965.0,332.0
46.0,5.0,959.0,331.0
47.0,5.0,951.0,329.0
48.0,5.0,892.0,398.0
49.0,5.0,907.0,386.0
50.0,5.0,920.0,380.0
51.0,5.0,926.0,383.0
52.0,5.0,934.0,382.0
53.0,5.0,941.0,389.0
54.0,5.0,946.0,404.0
55.0,5.0,940.0,406.0
56.0,5.0,932.0,406.0
57.0,5.0,924.0,405.0
58.0,5.0,917.0,405.0
59.0,5.0,905.0,404.0
60.0,5.0,898.0,397.0
61.0,5.0,919.0,390.0
62.0,5.0,925.0,391.0
63.0,5.0,933.0,391.0
64.0,5.0,942.0,401.0
65.0,5.0,932.0,395.0
66.0,5.0,925.0,395.0
67.0,5.0,918.0,394.0
0.0,6.0,817.0,348.0
1.0,6.0,819.0,369.0
2.0,6.0,820.0,389.0
3.0,6.0,824.0,408.0
4.0,6.0,834.0,423.0
5.0,6.0,850.0,435.0
6.0,6.0,871.0,441.0
7.0,6.0,896.0,444.0
8.0,6.0,918.0,444.0
9.0,6.0,937.0,443.0
10.0,6.0,950.0,436.0
11.0,6.0,960.0,426.0
12.0,6.0,966.0,413.0
13.0,6.0,969.0,398.0
14.0,6.0,971.0,383.0
15.0,6.0,973.0,367.0
16.0,6.0,972.0,352.0
17.0,6.0,848.0,312.0
18.0,6.0,859.0,296.0
19.0,6.0,875.0,287.0
20.0,6.0,893.0,286.0
21.0,6.0,909.0,292.0
22.0,6.0,933.0,294.0
23.0,6.0,945.0,291.0
24.0,6.0,958.0,294.0
25.0,6.0,969.0,301.0
26.0,6.0,972.0,315.0
27.0,6.0,924.0,314.0
28.0,6.0,926.0,322.0
29.0,6.0,928.0,329.0
30.0,6.0,931.0,337.0
31.0,6.0,906.0,356.0
32.0,6.0,916.0,358.0
33.0,6.0,926.0,359.0
34.0,6.0,934.0,358.0
35.0,6.0,942.0,357.0
36.0,6.0,867.0,322.0
37.0,6.0,876.0,315.0
38.0,6.0,886.0,315.0
39.0,6.0,894.0,321.0
40.0,6.0,886.0,322.0
41.0,6.0,877.0,323.0
42.0,6.0,938.0,324.0
43.0,6.0,947.0,319.0
44.0,6.0,955.0,321.0
45.0,6.0,960.0,328.0
46.0,6.0,954.0,327.0
47.0,6.0,947.0,325.0
48.0,6.0,890.0,394.0
49.0,6.0,905.0,381.0
50.0,6.0,918.0,375.0
51.0,6.0,925.0,376.0
52.0,6.0,932.0,375.0
53.0,6.0,940.0,383.0
54.0,6.0,945.0,397.0
55.0,6.0,939.0,400.0
56.0,6.0,931.0,401.0
57.0,6.0,924.0,400.0
58.0,6.0,916.0,400.0
59.0,6.0,904.0,399.0
60.0,6.0,896.0,392.0
61.0,6.0,917.0,385.0
62.0,6.0,925.0,385.0
63.0,6.0,932.0,385.0
64.0,6.0,941.0,394.0
65.0,6.0,932.0,390.0
66.0,6.0,924.0,390.0
67.0,6.0,917.0,390.0
0.0,7.0,818.0,338.0
1.0,7.0,819.0,361.0
2.0,7.0,820.0,383.0
3.0,7.0,823.0,404.0
4.0,7.0,833.0,421.0
5.0,7.0,849.0,433.0
6.0,7.0,871.0,440.0
7.0,7.0,895.0,442.0
8.0,7.0,918.0,442.0
9.0,7.0,936.0,440.0
10.0,7.0,950.0,434.0
11.0,7.0,962.0,424.0
12.0,7.0,970.0,410.0
13.0,7.0,974.0,395.0
14.0,7.0,977.0,378.0
15.0,7.0,977.0,361.0
16.0,7.0,977.0,344.0
17.0,7.0,850.0,305.0
18.0,7.0,860.0,290.0
19.0,7.0,876.0,282.0
20.0,7.0,894.0,281.0
21.0,7.0,908.0,289.0
22.0,7.0,932.0,290.0
23.0,7.0,943.0,287.0
24.0,7.0,955.0,290.0
25.0,7.0,964.0,297.0
26.0,7.0,968.0,308.0
27.0,7.0,923.0,311.0
28.0,7.0,925.0,320.0
29.0,7.0,927.0,328.0
30.0,7.0,929.0,337.0
31.0,7.0,904.0,356.0
32.0,7.0,914.0,357.0
33.0,7.0,923.0,358.0
34.0,7.0,932.0,357.0
35.0,7.0,939.0,356.0
36.0,7.0,868.0,318.0
37.0,7.0,877.0,313.0
38.0,7.0,886.0,312.0
39.0,7.0,894.0,317.0
40.0,7.0,886.0,319.0
41.0,7.0,877.0,319.0
42.0,7.0,936.0,321.0
43.0,7.0,944.0,318.0
44.0,7.0,952.0,320.0
45.0,7.0,956.0,326.0
46.0,7.0,951.0,325.0
47.0,7.0,944.0,323.0
48.0,7.0,888.0,391.0
49.0,7.0,903.0,379.0
50.0,7.0,916.0,374.0
51.0,7.0,923.0,376.0
52.0,7.0,930.0,374.0
53.0,7.0,937.0,380.0
54.0,7.0,943.0,394.0
55.0,7.0,937.0,397.0
56.0,7.0,929.0,397.0
57.0,7.0,922.0,397.0
58.0,7.0,914.0,397.0
59.0,7.0,902.0,396.0
60.0,7.0,894.0,390.0
61.0,7.0,915.0,383.0
62.0,7.0,922.0,383.0
63.0,7.0,929.0,383.0
64.0,7.0,938.0,391.0
65.0,7.0,929.0,387.0
66.0,7.0,922.0,387.0
67.0,7.0,915.0,387.0
0.0,8.0,802.0,347.0
1.0,8.0,807.0,369.0
2.0,8.0,813.0,391.0
3.0,8.0,818.0,410.0
4.0,8.0,828.0,426.0
5.0,8.0,844.0,437.0
6.0,8.0,867.0,443.0
7.0,8.0,893.0,443.0
8.0,8.0,914.0,442.0
9.0,8.0,931.0,438.0
10.0,8.0,942.0,430.0
11.0,8.0,949.0,418.0
12.0,8.0,951.0,402.0
13.0,8.0,952.0,386.0
14.0,8.0,952.0,371.0
15.0,8.0,952.0,356.0
16.0,8.0,951.0,341.0
17.0,8.0,833.0,315.0
18.0,8.0,844.0,298.0
19.0,8.0,861.0,289.0
20.0,8.0,879.0,288.0
21.0,8.0,895.0,295.0
22.0,8.0,921.0,296.0
23.0,8.0,932.0,292.0
24.0,8.0,943.0,293.0
25.0,8.0,952.0,299.0
26.0,8.0,954.0,311.0
27.0,8.0,911.0,313.0
28.0,8.0,915.0,321.0
29.0,8.0,919.0,329.0
30.0,8.0,924.0,338.0
31.0,8.0,900.0,357.0
32.0,8.0,910.0,358.0
33.0,8.0,919.0,359.0
34.0,8.0,927.0,357.0
35.0,8.0,933.0,354.0
36.0,8.0,854.0,325.0
37.0,8.0,864.0,318.0
38.0,8.0,873.0,317.0
39.0,8.0,883.0,322.0
40.0,8.0,875.0,324.0
41.0,8.0,864.0,326.0
42.0,8.0,921.0,322.0
43.0,8.0,931.0,318.0
44.0,8.0,939.0,319.0
45.0,8.0,943.0,325.0
46.0,8.0,938.0,324.0
47.0,8.0,930.0,323.0
48.0,8.0,883.0,395.0
49.0,8.0,900.0,381.0
50.0,8.0,913.0,375.0
51.0,8.0,920.0,376.0
52.0,8.0,927.0,375.0
53.0,8.0,934.0,381.0
54.0,8.0,937.0,393.0
55.0,8.0,933.0,397.0
56.0,8.0,926.0,398.0
57.0,8.0,919.0,398.0
58.0,8.0,912.0,399.0
59.0,8.0,899.0,399.0
60.0,8.0,890.0,393.0
61.0,8.0,913.0,384.0
62.0,8.0,919.0,384.0
63.0,8.0,926.0,384.0
64.0,8.0,933.0,391.0
65.0,8.0,926.0,388.0
66.0,8.0,919.0,388.0
67.0,8.0,912.0,388.0
0.0,9.0,806.0,333.0
1.0,9.0,808.0,356.0
2.0,9.0,811.0,379.0
3.0,9.0,815.0,399.0
4.0,9.0,824.0,417.0
5.0,9.0,840.0,430.0
6.0,9.0,861.0,438.0
7.0,9.0,886.0,441.0
8.0,9.0,909.0,441.0
9.0,9.0,928.0,439.0
10.0,9.0,941.0,433.0
11.0,9.0,950.0,420.0
12.0,9.0,955.0,404.0
13.0,9.0,958.0,388.0
14.0,9.0,961.0,371.0
15.0,9.0,963.0,355.0
16.0,9.0,963.0,338.0
17.0,9.0,838.0,303.0
18.0,9.0,849.0,289.0
19.0,9.0,865.0,282.0
20.0,9.0,882.0,282.0
21.0,9.0,897.0,290.0
22.0,9.0,921.0,292.0
23.0,9.0,933.0,289.0
24.0,9.0,945.0,291.0
25.0,9.0,955.0,297.0
26.0,9.0,959.0,309.0
27.0,9.0,911.0,310.0
28.0,9.0,914.0,318.0
29.0,9.0,917.0,327.0
30.0,9.0,920.0,336.0
31.0,9.0,895.0,353.0
32.0,9.0,905.0,355.0
33.0,9.0,914.0,357.0
34.0,9.0,922.0,356.0
35.0,9.0,929.0,354.0
36.0,9.0,856.0,318.0
37.0,9.0,865.0,313.0
38.0,9.0,874.0,312.0
39.0,9.0,883.0,317.0
40.0,9.0,875.0,318.0
41.0,9.0,865.0,319.0
42.0,9.0,925.0,320.0
43.0,9.0,934.0,317.0
44.0,9.0,942.0,319.0
45.0,9.0,947.0,325.0
46.0,9.0,941.0,324.0
47.0,9.0,934.0,322.0
48.0,9.0,879.0,391.0
49.0,9.0,894.0,378.0
50.0,9.0,907.0,372.0
51.0,9.0,914.0,374.0
52.0,9.0,922.0,373.0
53.0,9.0,930.0,379.0
54.0,9.0,934.0,393.0
55.0,9.0,929.0,396.0
56.0,9.0,922.0,397.0
57.0,9.0,913.0,397.0
58.0,9.0,905.0,397.0
59.0,9.0,893.0,396.0
60.0,9.0,885.0,389.0
61.0,9.0,906.0,382.0
62.0,9.0,914.0,382.0
63.0,9.0,921.0,382.0
64.0,9.0,930.0,390.0
65.0,9.0,921.0,388.0
66.0,9.0,914.0,388.0
67.0,9.0,906.0,387.0
0.0,10.0,803.0,348.0
1.0,10.0,806.0,368.0
2.0,10.0,809.0,389.0
3.0,10.0,814.0,408.0
4.0,10.0,824.0,422.0
5.0,10.0,841.0,433.0
6.0,10.0,863.0,440.0
7.0,10.0,888.0,442.0
8.0,10.0,910.0,442.0
9.0,10.0,929.0,439.0
10.0,10.0,942.0,432.0
11.0,10.0,951.0,421.0
12.0,10.0,956.0,406.0
13.0,10.0,958.0,389.0
14.0,10.0,960.0,373.0
15.0,10.0,961.0,357.0
16.0,10.0,961.0,341.0
17.0,10.0,830.0,312.0
18.0,10.0,840.0,296.0
19.0,10.0,856.0,287.0
20.0,10.0,874.0,287.0
21.0,10.0,890.0,293.0
22.0,10.0,917.0,293.0
23.0,10.0,929.0,289.0
24.0,10.0,943.0,291.0
25.0,10.0,953.0,297.0
26.0,10.0,957.0,310.0
27.0,10.0,907.0,310.0
28.0,10.0,910.0,318.0
29.0,10.0,913.0,325.0
30.0,10.0,917.0,334.0
31.0,10.0,892.0,353.0
32.0,10.0,903.0,354.0
33.0,10.0,912.0,356.0
34.0,10.0,920.0,354.0
35.0,10.0,927.0,352.0
36.0,10.0,850.0,321.0
37.0,10.0,859.0,314.0
38.0,10.0,869.0,313.0
39.0,10.0,878.0,318.0
40.0,10.0,870.0,320.0
41.0,10.0,860.0,321.0
42.0,10.0,921.0,319.0
43.0,10.0,931.0,315.0
44.0,10.0,939.0,317.0
45.0,10.0,944.0,323.0
46.0,10.0,938.0,322.0
47.0,10.0,931.0,321.0
48.0,10.0,877.0,391.0
49.0,10.0,892.0,378.0
50.0,10.0,904.0,371.0
51.0,10.0,912.0,373.0
52.0,10.0,919.0,371.0
53.0,10.0,927.0,378.0
54.0,10.0,933.0,392.0
55.0,10.0,927.0,395.0
56.0,10.0,920.0,395.0
57.0,10.0,912.0,395.0
58.0,10.0,904.0,396.0
59.0,10.0,891.0,395.0
60.0,10.0,883.0,389.0
61.0,10.0,904.0,381.0
62.0,10.0,911.0,381.0
63.0,10.0,919.0,380.0
64.0,10.0,929.0,389.0
65.0,10.0,919.0,385.0
66.0,10.0,912.0,386.0
67.0,10.0,904.0,385.0
0.0,11.0,805.0,335.0
1.0,11.0,806.0,354.0
2.0,11.0,809.0,374.0
3.0,11.0,815.0,392.0
4.0,11.0,826.0,408.0
5.0,11.0,842.0,420.0
6.0,11.0,861.0,428.0
7.0,11.0,882.0,433.0
8.0,11.0,902.0,434.0
9.0,11.0,920.0,430.0
10.0,11.0,932.0,422.0
11.0,11.0,943.0,409.0
12.0,11.0,952.0,395.0
13.0,11.0,958.0,378.0
14.0,11.0,961.0,359.0
15.0,11.0,960.0,340.0
16.0,11.0,957.0,321.0
17.0,11.0,831.0,302.0
18.0,11.0,840.0,287.0
19.0,11.0,855.0,280.0
20.0,11.0,873.0,278.0
21.0,11.0,887.0,284.0
22.0,11.0,903.0,280.0
23.0,11.0,914.0,274.0
24.0,11.0,927.0,274.0
25.0,11.0,939.0,279.0
26.0,11.0,945.0,291.0
27.0,11.0,899.0,302.0
28.0,11.0,901.0,310.0
29.0,11.0,904.0,318.0
30.0,11.0,906.0,326.0
31.0,11.0,884.0,346.0
32.0,11.0,894.0,347.0
33.0,11.0,904.0,348.0
34.0,11.0,911.0,347.0
35.0,11.0,918.0,345.0
36.0,11.0,849.0,312.0
37.0,11.0,858.0,307.0
38.0,11.0,866.0,306.0
39.0,11.0,875.0,310.0
40.0,11.0,867.0,311.0
41.0,11.0,859.0,312.0
42.0,11.0,913.0,309.0
43.0,11.0,921.0,304.0
44.0,11.0,929.0,304.0
45.0,11.0,935.0,308.0
46.0,11.0,930.0,309.0
47.0,11.0,922.0,309.0
48.0,11.0,872.0,383.0
49.0,11.0,884.0,370.0
50.0,11.0,896.0,363.0
51.0,11.0,903.0,365.0
52.0,11.0,910.0,363.0
53.0,11.0,917.0,370.0
54.0,11.0,924.0,382.0
55.0,11.0,918.0,387.0
56.0,11.0,911.0,388.0
57.0,11.0,903.0,388.0
58.0,11.0,896.0,389.0
59.0,11.0,885.0,387.0
60.0,11.0,878.0,381.0
61.0,11.0,897.0,373.0
62.0,11.0,903.0,373.0
63.0,11.0,910.0,373.0
64.0,11.0,919.0,380.0
65.0,11.0,910.0,377.0
66.0,11.0,903.0,378.0
67.0,11.0,896.0,378.0
0.0,12.0,800.0,336.0
1.0,12.0,802.0,355.0
2.0,12.0,804.0,374.0
3.0,12.0,812.0,392.0
4.0,12.0,824.0,407.0
5.0,12.0,840.0,418.0
6.0,12.0,860.0,426.0
7.0,12.0,881.0,430.0
8.0,12.0,901.0,430.0
9.0,12.0,918.0,426.0
10.0,12.0,931.0,418.0
11.0,12.0,942.0,407.0
12.0,12.0,950.0,393.0
13.0,12.0,955.0,376.0
14.0,12.0,957.0,358.0
15.0,12.0,955.0,340.0
16.0,12.0,951.0,322.0
17.0,12.0,829.0,300.0
18.0,12.0,838.0,287.0
19.0,12.0,852.0,279.0
20.0,12.0,868.0,278.0
21.0,12.0,883.0,283.0
22.0,12.0,900.0,280.0
23.0,12.0,910.0,274.0
24.0,12.0,923.0,273.0
25.0,12.0,933.0,277.0
26.0,12.0,940.0,288.0
27.0,12.0,895.0,301.0
28.0,12.0,897.0,308.0
29.0,12.0,899.0,315.0
30.0,12.0,901.0,323.0
31.0,12.0,881.0,344.0
32.0,12.0,891.0,345.0
33.0,12.0,900.0,345.0
34.0,12.0,907.0,344.0
35.0,12.0,914.0,342.0
36.0,12.0,847.0,312.0
37.0,12.0,855.0,306.0
38.0,12.0,863.0,304.0
39.0,12.0,872.0,309.0
40.0,12.0,864.0,310.0
41.0,12.0,856.0,311.0
42.0,12.0,909.0,307.0
43.0,12.0,917.0,302.0
44.0,12.0,924.0,301.0
45.0,12.0,931.0,305.0
46.0,12.0,925.0,307.0
47.0,12.0,918.0,307.0
48.0,12.0,868.0,382.0
49.0,12.0,880.0,367.0
50.0,12.0,893.0,360.0
51.0,12.0,900.0,362.0
52.0,12.0,906.0,360.0
53.0,12.0,914.0,366.0
54.0,12.0,922.0,379.0
55.0,12.0,916.0,384.0
56.0,12.0,909.0,386.0
57.0,12.0,901.0,387.0
58.0,12.0,894.0,387.0
59.0,12.0,882.0,386.0
60.0,12.0,874.0,379.0
61.0,12.0,893.0,370.0
62.0,12.0,900.0,370.0
63.0,12.0,907.0,370.0
64.0,12.0,917.0,377.0
65.0,12.0,908.0,376.0
66.0,12.0,900.0,377.0
67.0,12.0,893.0,377.0
0.0,13.0,799.0,337.0
1.0,13.0,800.0,354.0
2.0,13.0,803.0,372.0
3.0,13.0,810.0,389.0
4.0,13.0,821.0,401.0
5.0,13.0,837.0,410.0
6.0,13.0,855.0,415.0
7.0,13.0,875.0,418.0
8.0,13.0,894.0,419.0
9.0,13.0,910.0,416.0
10.0,13.0,923.0,412.0
11.0,13.0,934.0,404.0
12.0,13.0,943.0,392.0
13.0,13.0,948.0,378.0
14.0,13.0,951.0,362.0
15.0,13.0,950.0,346.0
16.0,13.0,948.0,330.0
17.0,13.0,826.0,296.0
18.0,13.0,834.0,281.0
19.0,13.0,848.0,273.0
20.0,13.0,864.0,271.0
21.0,13.0,878.0,277.0
22.0,13.0,898.0,276.0
23.0,13.0,908.0,271.0
24.0,13.0,921.0,272.0
25.0,13.0,931.0,278.0
26.0,13.0,937.0,290.0
27.0,13.0,891.0,296.0
28.0,13.0,893.0,302.0
29.0,13.0,894.0,308.0
30.0,13.0,896.0,314.0
31.0,13.0,877.0,336.0
32.0,13.0,886.0,337.0
33.0,13.0,895.0,337.0
34.0,13.0,902.0,336.0
35.0,13.0,909.0,335.0
36.0,13.0,842.0,307.0
37.0,13.0,851.0,300.0
38.0,13.0,860.0,299.0
39.0,13.0,869.0,305.0
40.0,13.0,860.0,306.0
41.0,13.0,851.0,307.0
42.0,13.0,905.0,305.0
43.0,13.0,914.0,299.0
44.0,13.0,922.0,299.0
45.0,13.0,929.0,305.0
46.0,13.0,923.0,306.0
47.0,13.0,914.0,306.0
48.0,13.0,862.0,371.0
49.0,13.0,875.0,357.0
50.0,13.0,887.0,350.0
51.0,13.0,894.0,351.0
52.0,13.0,900.0,350.0
53.0,13.0,909.0,356.0
54.0,13.0,917.0,371.0
55.0,13.0,910.0,374.0
56.0,13.0,902.0,376.0
57.0,13.0,895.0,376.0
58.0,13.0,888.0,375.0
59.0,13.0,876.0,374.0
60.0,13.0,868.0,368.0
61.0,13.0,888.0,360.0
62.0,13.0,894.0,360.0
63.0,13.0,901.0,360.0
64.0,13.0,912.0,369.0
65.0,13.0,901.0,365.0
66.0,13.0,894.0,365.0
67.0,13.0,888.0,365.0
0.0,14.0,806.0,320.0
1.0,14.0,807.0,337.0
2.0,14.0,810.0,354.0
3.0,14.0,814.0,370.0
4.0,14.0,824.0,383.0
5.0,14.0,837.0,393.0
6.0,14.0,854.0,400.0
7.0,14.0,874.0,403.0
8.0,14.0,892.0,403.0
9.0,14.0,907.0,398.0
10.0,14.0,916.0,388.0
11.0,14.0,922.0,376.0
12.0,14.0,926.0,364.0
13.0,14.0,927.0,350.0
14.0,14.0,927.0,337.0
15.0,14.0,925.0,326.0
16.0,14.0,923.0,314.0
17.0,14.0,830.0,298.0
18.0,14.0,839.0,287.0
19.0,14.0,851.0,281.0
20.0,14.0,865.0,280.0
21.0,14.0,878.0,284.0
22.0,14.0,898.0,284.0
23.0,14.0,906.0,280.0
24.0,14.0,915.0,280.0
25.0,14.0,922.0,283.0
26.0,14.0,925.0,291.0
27.0,14.0,889.0,296.0
28.0,14.0,892.0,302.0
29.0,14.0,895.0,309.0
30.0,14.0,898.0,316.0
31.0,14.0,876.0,330.0
32.0,14.0,886.0,332.0
33.0,14.0,895.0,334.0
34.0,14.0,903.0,330.0
35.0,14.0,910.0,325.0
36.0,14.0,844.0,306.0
37.0,14.0,852.0,303.0
38.0,14.0,860.0,301.0
39.0,14.0,868.0,303.0
40.0,14.0,861.0,304.0
41.0,14.0,853.0,306.0
42.0,14.0,900.0,300.0
43.0,14.0,908.0,299.0
44.0,14.0,914.0,299.0
45.0,14.0,918.0,302.0
46.0,14.0,913.0,302.0
47.0,14.0,907.0,301.0
48.0,14.0,865.0,361.0
49.0,14.0,877.0,350.0
50.0,14.0,889.0,345.0
51.0,14.0,895.0,345.0
52.0,14.0,901.0,343.0
53.0,14.0,907.0,346.0
54.0,14.0,911.0,354.0
55.0,14.0,908.0,358.0
56.0,14.0,902.0,361.0
57.0,14.0,896.0,363.0
58.0,14.0,890.0,364.0
59.0,14.0,878.0,364.0
60.0,14.0,870.0,359.0
61.0,14.0,889.0,352.0
62.0,14.0,895.0,351.0
63.0,14.0,901.0,351.0
64.0,14.0,907.0,353.0
65.0,14.0,901.0,353.0
66.0,14.0,896.0,355.0
67.0,14.0,889.0,356.0
0.0,15.0,804.0,323.0
1.0,15.0,805.0,340.0
2.0,15.0,808.0,356.0
3.0,15.0,812.0,372.0
4.0,15.0,820.0,385.0
5.0,15.0,834.0,394.0
6.0,15.0,852.0,399.0
7.0,15.0,873.0,401.0
8.0,15.0,892.0,400.0
9.0,15.0,906.0,395.0
10.0,15.0,914.0,388.0
11.0,15.0,920.0,379.0
12.0,15.0,924.0,368.0
13.0,15.0,925.0,356.0
14.0,15.0,926.0,344.0
15.0,15.0,926.0,333.0
16.0,15.0,924.0,322.0
17.0,15.0,833.0,299.0
18.0,15.0,843.0,289.0
19.0,15.0,857.0,283.0
20.0,15.0,872.0,282.0
21.0,15.0,885.0,286.0
22.0,15.0,905.0,286.0
23.0,15.0,913.0,282.0
24.0,15.0,922.0,283.0
25.0,15.0,928.0,286.0
26.0,15.0,931.0,294.0
27.0,15.0,896.0,296.0
28.0,15.0,898.0,301.0
29.0,15.0,900.0,305.0
30.0,15.0,903.0,311.0
31.0,15.0,882.0,328.0
32.0,15.0,890.0,329.0
33.0,15.0,898.0,330.0
34.0,15.0,905.0,328.0
35.0,15.0,910.0,325.0
36.0,15.0,848.0,305.0
37.0,15.0,856.0,301.0
38.0,15.0,864.0,300.0
39.0,15.0,872.0,303.0
40.0,15.0,865.0,305.0
41.0,15.0,857.0,306.0
42.0,15.0,906.0,302.0
43.0,15.0,913.0,299.0
44.0,15.0,919.0,300.0
45.0,15.0,923.0,304.0
46.0,15.0,919.0,304.0
47.0,15.0,913.0,303.0
48.0,15.0,865.0,359.0
49.0,15.0,879.0,347.0
50.0,15.0,890.0,341.0
51.0,15.0,897.0,343.0
52.0,15.0,903.0,341.0
53.0,15.0,908.0,346.0
54.0,15.0,911.0,356.0
55.0,15.0,908.0,359.0
56.0,15.0,903.0,361.0
57.0,15.0,897.0,362.0
58.0,15.0,889.0,362.0
59.0,15.0,878.0,362.0
60.0,15.0,870.0,357.0
61.0,15.0,890.0,350.0
62.0,15.0,897.0,349.0
63.0,15.0,902.0,349.0
64.0,15.0,907.0,355.0
65.0,15.0,903.0,353.0
66.0,15.0,897.0,353.0
67.0,15.0,890.0,354.0
0.0,16.0,803.0,325.0
1.0,16.0,804.6666666666666,342.3333333333333
2.0,16.0,807.6666666666666,358.6666666666667
3.0,16.0,812.0,375.0
4.0,16.0,820.6666666666666,388.0
5.0,16.0,835.3333333333334,397.0
6.0,16.0,853.6666666666666,402.0
7.0,16.0,874.3333333333334,403.6666666666667
8.0,16.0,893.6666666666666,402.3333333333333
9.0,16.0,907.6666666666666,397.3333333333333
10.0,16.0,916.0,390.3333333333333
11.0,16.0,922.0,381.3333333333333
12.0,16.0,926.0,370.0
13.0,16.0,927.0,357.6666666666667
14.0,16.0,927.6666666666666,345.3333333333333
15.0,16.0,927.6666666666666,333.6666666666667
16.0,16.0,925.6666666666666,322.3333333333333
17.0,16.0,832.3333333333334,301.3333333333333
18.0,16.0,842.0,291.0
19.0,16.0,856.0,284.6666666666667
20.0,16.0,871.0,283.6666666666667
21.0,16.0,884.3333333333334,287.3333333333333
22.0,16.0,904.3333333333334,286.6666666666667
23.0,16.0,912.3333333333334,282.6666666666667
24.0,16.0,921.3333333333334,283.0
25.0,16.0,928.0,285.6666666666667
26.0,16.0,931.3333333333334,293.6666666666667
27.0,16.0,895.3333333333334,297.3333333333333
28.0,16.0,897.6666666666666,302.0
29.0,16.0,900.0,306.0
30.0,16.0,903.0,311.6666666666667
31.0,16.0,882.3333333333334,330.0
32.0,16.0,890.6666666666666,330.6666666666667
33.0,16.0,898.6666666666666,331.3333333333333
34.0,16.0,905.3333333333334,329.3333333333333
35.0,16.0,910.3333333333334,327.0
36.0,16.0,847.6666666666666,307.3333333333333
37.0,16.0,855.6666666666666,303.0
38.0,16.0,863.6666666666666,301.6666666666667
39.0,16.0,871.3333333333334,304.6666666666667
40.0,16.0,864.6666666666666,306.6666666666667
41.0,16.0,856.6666666666666,308.0
42.0,16.0,905.6666666666666,303.0
43.0,16.0,912.3333333333334,299.6666666666667
44.0,16.0,918.6666666666666,300.3333333333333
45.0,16.0,923.0,304.3333333333333
46.0,16.0,918.6666666666666,304.3333333333333
47.0,16.0,912.6666666666666,303.6666666666667
48.0,16.0,865.6666666666666,361.0
49.0,16.0,879.6666666666666,348.6666666666667
50.0,16.0,890.6666666666666,342.6666666666667
51.0,16.0,897.3333333333334,344.0
52.0,16.0,903.0,342.3333333333333
53.0,16.0,908.3333333333334,347.3333333333333
54.0,16.0,912.0,357.6666666666667
55.0,16.0,908.3333333333334,360.0
56.0,16.0,903.3333333333334,361.6666666666667
57.0,16.0,897.3333333333334,362.6666666666667
58.0,16.0,890.0,363.0
59.0,16.0,879.0,363.0
60.0,16.0,870.6666666666666,358.6666666666667
61.0,16.0,890.6666666666666,351.0
62.0,16.0,897.3333333333334,350.0
63.0,16.0,902.3333333333334,350.0
64.0,16.0,908.0,356.3333333333333
65.0,16.0,903.0,354.0
66.0,16.0,897.3333333333334,354.3333333333333
67.0,16.0,890.6666666666666,355.0
0.0,17.0,802.0,327.0
1.0,17.0,804.3333333333334,344.6666666666667
2.0,17.0,807.3333333333334,361.3333333333333
3.0,17.0,812.0,378.0
4.0,17.0,821.3333333333334,391.0
5.0,17.0,836.6666666666666,400.0
6.0,17.0,855.3333333333334,405.0
7.0,17.0,875.6666666666666,406.3333333333333
8.0,17.0,895.3333333333334,404.6666666666667
9.0,17.0,909.3333333333334,399.6666666666667
10.0,17.0,918.0,392.6666666666667
11.0,17.0,924.0,383.6666666666667
12.0,17.0,928.0,372.0
13.0,17.0,929.0,359.3333333333333
14.0,17.0,929.3333333333334,346.6666666666667
15.0,17.0,929.3333333333334,334.3333333333333
16.0,17.0,927.3333333333334,322.6666666666667
17.0,17.0,831.6666666666666,303.6666666666667
18.0,17.0,841.0,293.0
19.0,17.0,855.0,286.3333333333333
20.0,17.0,870.0,285.3333333333333
21.0,17.0,883.6666666666666,288.6666666666667
22.0,17.0,903.6666666666666,287.3333333333333
23.0,17.0,911.6666666666666,283.3333333333333
24.0,17.0,920.6666666666666,283.0
25.0,17.0,928.0,285.3333333333333
26.0,17.0,931.6666666666666,293.3333333333333
27.0,17.0,894.6666666666666,298.6666666666667
28.0,17.0,897.3333333333334,303.0
29.0,17.0,900.0,307.0
30.0,17.0,903.0,312.3333333333333
31.0,17.0,882.6666666666666,332.0
32.0,17.0,891.3333333333334,332.3333333333333
33.0,17.0,899.3333333333334,332.6666666666667
34.0,17.0,905.6666666666666,330.6666666666667
35.0,17.0,910.6666666666666,329.0
36.0,17.0,847.3333333333334,309.6666666666667
37.0,17.0,855.3333333333334,305.0
38.0,17.0,863.3333333333334,303.3333333333333
39.0,17.0,870.6666666666666,306.3333333333333
40.0,17.0,864.3333333333334,308.3333333333333
41.0,17.0,856.3333333333334,310.0
42.0,17.0,905.3333333333334,304.0
43.0,17.0,911.6666666666666,300.3333333333333
44.0,17.0,918.3333333333334,300.6666666666667
45.0,17.0,923.0,304.6666666666667
46.0,17.0,918.3333333333334,304.6666666666667
47.0,17.0,912.3333333333334,304.3333333333333
48.0,17.0,866.3333333333334,363.0
49.0,17.0,880.3333333333334,350.3333333333333
50.0,17.0,891.3333333333334,344.3333333333333
51.0,17.0,897.6666666666666,345.0
52.0,17.0,903.0,343.6666666666667
53.0,17.0,908.6666666666666,348.6666666666667
54.0,17.0,913.0,359.3333333333333
55.0,17.0,908.6666666666666,361.0
56.0,17.0,903.6666666666666,362.3333333333333
57.0,17.0,897.6666666666666,363.3333333333333
58.0,17.0,891.0,364.0
59.0,17.0,880.0,364.0
60.0,17.0,871.3333333333334,360.3333333333333
61.0,17.0,891.3333333333334,352.0
62.0,17.0,897.6666666666666,351.0
63.0,17.0,902.6666666666666,351.0
64.0,17.0,909.0,357.6666666666667
65.0,17.0,903.0,355.0
66.0,17.0,897.6666666666666,355.6666666666667
67.0,17.0,891.3333333333334,356.0
0.0,18.0,801.0,329.0
1.0,18.0,804.0,347.0
2.0,18.0,807.0,364.0
3.0,18.0,812.0,381.0
4.0,18.0,822.0,394.0
5.0,18.0,838.0,403.0
6.0,18.0,857.0,408.0
7.0,18.0,877.0,409.0
8.0,18.0,897.0,407.0
9.0,18.0,911.0,402.0
10.0,18.0,920.0,395.0
11.0,18.0,926.0,386.0
12.0,18.0,930.0,374.0
13.0,18.0,931.0,361.0
14.0,18.0,931.0,348.0
15.0,18.0,931.0,335.0
16.0,18.0,929.0,323.0
17.0,18.0,831.0,306.0
18.0,18.0,840.0,295.0
19.0,18.0,854.0,288.0
20.0,18.0,869.0,287.0
21.0,18.0,883.0,290.0
22.0,18.0,903.0,288.0
23.0,18.0,911.0,284.0
24.0,18.0,920.0,283.0
25.0,18.0,928.0,285.0
26.0,18.0,932.0,293.0
27.0,18.0,894.0,300.0
28.0,18.0,897.0,304.0
29.0,18.0,900.0,308.0
30.0,18.0,903.0,313.0
31.0,18.0,883.0,334.0
32.0,18.0,892.0,334.0
33.0,18.0,900.0,334.0
34.0,18.0,906.0,332.0
35.0,18.0,911.0,331.0
36.0,18.0,847.0,312.0
37.0,18.0,855.0,307.0
38.0,18.0,863.0,305.0
39.0,18.0,870.0,308.0
40.0,18.0,864.0,310.0
41.0,18.0,856.0,312.0
42.0,18.0,905.0,305.0
43.0,18.0,911.0,301.0
44.0,18.0,918.0,301.0
45.0,18.0,923.0,305.0
46.0,18.0,918.0,305.0
47.0,18.0,912.0,305.0
48.0,18.0,867.0,365.0
49.0,18.0,881.0,352.0
50.0,18.0,892.0,346.0
51.0,18.0,898.0,346.0
52.0,18.0,903.0,345.0
53.0,18.0,909.0,350.0
54.0,18.0,914.0,361.0
55.0,18.0,909.0,362.0
56.0,18.0,904.0,363.0
57.0,18.0,898.0,364.0
58.0,18.0,892.0,365.0
59.0,18.0,881.0,365.0
60.0,18.0,872.0,362.0
61.0,18.0,892.0,353.0
62.0,18.0,898.0,352.0
63.0,18.0,903.0,352.0
64.0,18.0,910.0,359.0
65.0,18.0,903.0,356.0
66.0,18.0,898.0,357.0
67.0,18.0,892.0,357.0
0.0,19.0,799.0,326.0
1.0,19.0,801.0,343.0
2.0,19.0,805.0,360.0
3.0,19.0,810.0,377.0
4.0,19.0,822.0,389.0
5.0,19.0,838.0,397.0
6.0,19.0,858.0,401.0
7.0,19.0,878.0,402.0
8.0,19.0,897.0,399.0
9.0,19.0,910.0,393.0
10.0,19.0,916.0,383.0
11.0,19.0,920.0,373.0
12.0,19.0,921.0,361.0
13.0,19.0,922.0,349.0
14.0,19.0,922.0,338.0
15.0,19.0,920.0,326.0
16.0,19.0,917.0,316.0
17.0,19.0,831.0,300.0
18.0,19.0,840.0,290.0
19.0,19.0,854.0,283.0
20.0,19.0,869.0,282.0
21.0,19.0,882.0,285.0
22.0,19.0,902.0,284.0
23.0,19.0,908.0,280.0
24.0,19.0,915.0,279.0
25.0,19.0,921.0,280.0
26.0,19.0,924.0,287.0
27.0,19.0,894.0,294.0
28.0,19.0,897.0,300.0
29.0,19.0,901.0,305.0
30.0,19.0,905.0,310.0
31.0,19.0,884.0,329.0
32.0,19.0,893.0,329.0
33.0,19.0,901.0,329.0
34.0,19.0,906.0,327.0
35.0,19.0,911.0,324.0
36.0,19.0,846.0,306.0
37.0,19.0,854.0,302.0
38.0,19.0,862.0,300.0
39.0,19.0,869.0,303.0
40.0,19.0,863.0,305.0
41.0,19.0,855.0,306.0
42.0,19.0,902.0,299.0
43.0,19.0,909.0,295.0
44.0,19.0,915.0,294.0
45.0,19.0,919.0,298.0
46.0,19.0,915.0,299.0
47.0,19.0,909.0,299.0
48.0,19.0,868.0,360.0
49.0,19.0,882.0,347.0
50.0,19.0,893.0,341.0
51.0,19.0,900.0,341.0
52.0,19.0,905.0,339.0
53.0,19.0,909.0,343.0
54.0,19.0,912.0,353.0
55.0,19.0,909.0,356.0
56.0,19.0,906.0,358.0
57.0,19.0,900.0,360.0
58.0,19.0,894.0,361.0
59.0,19.0,883.0,362.0
60.0,19.0,874.0,358.0
61.0,19.0,893.0,348.0
62.0,19.0,900.0,348.0
63.0,19.0,905.0,347.0
64.0,19.0,908.0,351.0
65.0,19.0,905.0,350.0
66.0,19.0,900.0,352.0
67.0,19.0,894.0,353.0
0.0,20.0,799.0,342.0
1.0,20.0,803.0,361.0
2.0,20.0,806.0,379.0
3.0,20.0,812.0,396.0
4.0,20.0,824.0,409.0
5.0,20.0,841.0,417.0
6.0,20.0,862.0,422.0
7.0,20.0,885.0,422.0
8.0,20.0,907.0,420.0
9.0,20.0,924.0,416.0
10.0,20.0,936.0,409.0
11.0,20.0,944.0,398.0
12.0,20.0,948.0,384.0
13.0,20.0,949.0,369.0
14.0,20.0,950.0,354.0
15.0,20.0,948.0,339.0
16.0,20.0,945.0,324.0
17.0,20.0,824.0,305.0
18.0,20.0,831.0,290.0
19.0,20.0,845.0,280.0
20.0,20.0,862.0,277.0
21.0,20.0,877.0,281.0
22.0,20.0,898.0,277.0
23.0,20.0,909.0,272.0
24.0,20.0,922.0,273.0
25.0,20.0,933.0,278.0
26.0,20.0,938.0,290.0
27.0,20.0,893.0,296.0
28.0,20.0,896.0,301.0
29.0,20.0,899.0,306.0
30.0,20.0,902.0,312.0
31.0,20.0,881.0,334.0
32.0,20.0,891.0,334.0
33.0,20.0,901.0,335.0
34.0,20.0,908.0,333.0
35.0,20.0,914.0,331.0
36.0,20.0,842.0,313.0
37.0,20.0,850.0,307.0
38.0,20.0,859.0,304.0
39.0,20.0,868.0,306.0
40.0,20.0,860.0,309.0
41.0,20.0,852.0,311.0
42.0,20.0,907.0,303.0
43.0,20.0,914.0,300.0
44.0,20.0,922.0,300.0
45.0,20.0,928.0,304.0
46.0,20.0,922.0,304.0
47.0,20.0,915.0,304.0
48.0,20.0,870.0,373.0
49.0,20.0,883.0,358.0
50.0,20.0,894.0,351.0
51.0,20.0,901.0,352.0
52.0,20.0,908.0,349.0
53.0,20.0,916.0,355.0
54.0,20.0,923.0,368.0
55.0,20.0,917.0,371.0
56.0,20.0,911.0,371.0
57.0,20.0,904.0,372.0
58.0,20.0,896.0,373.0
59.0,20.0,885.0,374.0
60.0,20.0,876.0,370.0
61.0,20.0,895.0,360.0
62.0,20.0,902.0,359.0
63.0,20.0,908.0,358.0
64.0,20.0,917.0,366.0
65.0,20.0,909.0,362.0
66.0,20.0,902.0,363.0
67.0,20.0,896.0,364.0
0.0,21.0,798.0,338.0
1.0,21.0,801.0,357.0
2.0,21.0,804.0,375.0
3.0,21.0,811.0,393.0
4.0,21.0,822.0,407.0
5.0,21.0,838.0,416.0
6.0,21.0,858.0,421.0
7.0,21.0,880.0,423.0
8.0,21.0,902.0,422.0
9.0,21.0,922.0,418.0
10.0,21.0,937.0,413.0
11.0,21.0,949.0,404.0
12.0,21.0,957.0,392.0
13.0,21.0,961.0,377.0
14.0,21.0,962.0,359.0
15.0,21.0,960.0,343.0
16.0,21.0,958.0,326.0
17.0,21.0,824.0,300.0
18.0,21.0,832.0,284.0
19.0,21.0,847.0,274.0
20.0,21.0,865.0,272.0
21.0,21.0,880.0,277.0
22.0,21.0,897.0,277.0
23.0,21.0,910.0,272.0
24.0,21.0,924.0,274.0
25.0,21.0,936.0,281.0
26.0,21.0,942.0,293.0
27.0,21.0,892.0,296.0
28.0,21.0,894.0,302.0
29.0,21.0,896.0,307.0
30.0,21.0,899.0,313.0
31.0,21.0,879.0,338.0
32.0,21.0,889.0,338.0
33.0,21.0,898.0,338.0
34.0,21.0,906.0,336.0
35.0,21.0,913.0,335.0
36.0,21.0,843.0,309.0
37.0,21.0,851.0,302.0
38.0,21.0,860.0,300.0
39.0,21.0,869.0,305.0
40.0,21.0,861.0,306.0
41.0,21.0,852.0,308.0
42.0,21.0,908.0,304.0
43.0,21.0,916.0,301.0
44.0,21.0,924.0,302.0
45.0,21.0,931.0,306.0
46.0,21.0,924.0,306.0
47.0,21.0,916.0,305.0
48.0,21.0,869.0,376.0
49.0,21.0,882.0,361.0
50.0,21.0,893.0,354.0
51.0,21.0,899.0,355.0
52.0,21.0,905.0,353.0
53.0,21.0,914.0,360.0
54.0,21.0,923.0,372.0
55.0,21.0,914.0,374.0
56.0,21.0,908.0,374.0
57.0,21.0,901.0,374.0
58.0,21.0,894.0,375.0
59.0,21.0,883.0,376.0
60.0,21.0,875.0,373.0
61.0,21.0,893.0,364.0
62.0,21.0,899.0,363.0
63.0,21.0,906.0,363.0
64.0,21.0,917.0,370.0
65.0,21.0,906.0,365.0
66.0,21.0,900.0,365.0
67.0,21.0,894.0,366.0
0.0,22.0,800.0,345.0
1.0,22.0,802.0,364.0
2.0,22.0,805.0,383.0
3.0,22.0,812.0,400.0
4.0,22.0,824.0,413.0
5.0,22.0,840.0,422.0
6.0,22.0,859.0,428.0
7.0,22.0,880.0,430.0
8.0,22.0,902.0,430.0
9.0,22.0,921.0,426.0
10.0,22.0,936.0,420.0
11.0,22.0,947.0,410.0
12.0,22.0,954.0,397.0
13.0,22.0,959.0,383.0
14.0,22.0,960.0,366.0
15.0,22.0,959.0,349.0
16.0,22.0,956.0,332.0
17.0,22.0,826.0,302.0
18.0,22.0,834.0,288.0
19.0,22.0,848.0,279.0
20.0,22.0,865.0,277.0
21.0,22.0,880.0,282.0
22.0,22.0,898.0,282.0
23.0,22.0,910.0,277.0
24.0,22.0,924.0,279.0
25.0,22.0,935.0,285.0
26.0,22.0,941.0,297.0
27.0,22.0,892.0,302.0
28.0,22.0,895.0,308.0
29.0,22.0,897.0,314.0
30.0,22.0,899.0,321.0
31.0,22.0,879.0,345.0
32.0,22.0,889.0,345.0
33.0,22.0,899.0,346.0
34.0,22.0,907.0,344.0
35.0,22.0,914.0,343.0
36.0,22.0,844.0,314.0
37.0,22.0,852.0,308.0
38.0,22.0,860.0,306.0
39.0,22.0,869.0,310.0
40.0,22.0,862.0,311.0
41.0,22.0,853.0,312.0
42.0,22.0,908.0,310.0
43.0,22.0,917.0,306.0
44.0,22.0,924.0,307.0
45.0,22.0,931.0,311.0
46.0,22.0,924.0,311.0
47.0,22.0,917.0,310.0
48.0,22.0,870.0,383.0
49.0,22.0,883.0,369.0
50.0,22.0,893.0,362.0
51.0,22.0,900.0,363.0
52.0,22.0,907.0,361.0
53.0,22.0,915.0,367.0
54.0,22.0,924.0,379.0
55.0,22.0,916.0,382.0
56.0,22.0,909.0,383.0
57.0,22.0,902.0,383.0
58.0,22.0,895.0,384.0
59.0,22.0,884.0,385.0
60.0,22.0,876.0,380.0
61.0,22.0,894.0,372.0
62.0,22.0,900.0,371.0
63.0,22.0,907.0,371.0
64.0,22.0,919.0,377.0
65.0,22.0,908.0,372.0
66.0,22.0,901.0,373.0
67.0,22.0,894.0,374.0
0.0,23.0,802.0,344.0
1.0,23.0,804.0,364.0
2.0,23.0,806.0,384.0
3.0,23.0,812.0,402.0
4.0,23.0,824.0,417.0
5.0,23.0,841.0,427.0
6.0,23.0,862.0,433.0
7.0,23.0,884.0,436.0
8.0,23.0,906.0,435.0
9.0,23.0,925.0,432.0
10.0,23.0,939.0,424.0
11.0,23.0,949.0,412.0
12.0,23.0,955.0,398.0
13.0,23.0,959.0,382.0
14.0,23.0,960.0,365.0
15.0,23.0,959.0,348.0
16.0,23.0,957.0,331.0
17.0,23.0,829.0,304.0
18.0,23.0,838.0,290.0
19.0,23.0,852.0,282.0
20.0,23.0,869.0,280.0
21.0,23.0,884.0,285.0
22.0,23.0,902.0,285.0
23.0,23.0,915.0,281.0
24.0,23.0,928.0,282.0
25.0,23.0,940.0,288.0
26.0,23.0,945.0,301.0
27.0,23.0,896.0,304.0
28.0,23.0,899.0,312.0
29.0,23.0,902.0,320.0
30.0,23.0,905.0,329.0
31.0,23.0,883.0,350.0
32.0,23.0,893.0,351.0
33.0,23.0,903.0,352.0
34.0,23.0,911.0,350.0
35.0,23.0,919.0,348.0
36.0,23.0,847.0,314.0
37.0,23.0,855.0,309.0
38.0,23.0,863.0,308.0
39.0,23.0,872.0,311.0
40.0,23.0,864.0,313.0
41.0,23.0,856.0,314.0
42.0,23.0,912.0,312.0
43.0,23.0,920.0,308.0
44.0,23.0,928.0,309.0
45.0,23.0,934.0,313.0
46.0,23.0,928.0,312.0
47.0,23.0,921.0,312.0
48.0,23.0,874.0,388.0
49.0,23.0,887.0,375.0
50.0,23.0,897.0,368.0
51.0,23.0,904.0,370.0
52.0,23.0,911.0,368.0
53.0,23.0,919.0,374.0
54.0,23.0,927.0,385.0
55.0,23.0,920.0,388.0
56.0,23.0,913.0,389.0
57.0,23.0,906.0,389.0
58.0,23.0,899.0,389.0
59.0,23.0,887.0,390.0
60.0,23.0,880.0,386.0
61.0,23.0,898.0,378.0
62.0,23.0,904.0,377.0
63.0,23.0,911.0,377.0
64.0,23.0,922.0,383.0
65.0,23.0,912.0,379.0
66.0,23.0,905.0,379.0
67.0,23.0,898.0,379.0
0.0,24.0,799.0,346.0
1.0,24.0,802.0,368.0
2.0,24.0,805.0,389.0
3.0,24.0,810.0,409.0
4.0,24.0,821.0,425.0
5.0,24.0,839.0,435.0
6.0,24.0,863.0,440.0
7.0,24.0,888.0,441.0
8.0,24.0,911.0,439.0
9.0,24.0,930.0,435.0
10.0,24.0,944.0,428.0
11.0,24.0,954.0,416.0
12.0,24.0,960.0,401.0
13.0,24.0,962.0,385.0
14.0,24.0,962.0,368.0
15.0,24.0,962.0,351.0
16.0,24.0,960.0,334.0
17.0,24.0,826.0,311.0
18.0,24.0,836.0,295.0
19.0,24.0,851.0,286.0
20.0,24.0,869.0,283.0
21.0,24.0,886.0,288.0
22.0,24.0,907.0,288.0
23.0,24.0,919.0,283.0
24.0,24.0,933.0,284.0
25.0,24.0,944.0,290.0
26.0,24.0,950.0,302.0
27.0,24.0,899.0,308.0
28.0,24.0,902.0,317.0
29.0,24.0,905.0,325.0
30.0,24.0,908.0,334.0
31.0,24.0,887.0,355.0
32.0,24.0,897.0,355.0
33.0,24.0,906.0,357.0
34.0,24.0,914.0,354.0
35.0,24.0,921.0,352.0
36.0,24.0,846.0,321.0
37.0,24.0,855.0,314.0
38.0,24.0,864.0,313.0
39.0,24.0,873.0,317.0
40.0,24.0,865.0,319.0
41.0,24.0,856.0,320.0
42.0,24.0,915.0,315.0
43.0,24.0,923.0,311.0
44.0,24.0,932.0,311.0
45.0,24.0,938.0,316.0
46.0,24.0,932.0,316.0
47.0,24.0,924.0,316.0
48.0,24.0,875.0,394.0
49.0,24.0,888.0,381.0
50.0,24.0,900.0,373.0
51.0,24.0,908.0,375.0
52.0,24.0,915.0,372.0
53.0,24.0,923.0,378.0
54.0,24.0,931.0,389.0
55.0,24.0,924.0,392.0
56.0,24.0,917.0,393.0
57.0,24.0,910.0,394.0
58.0,24.0,902.0,395.0
59.0,24.0,889.0,396.0
60.0,24.0,881.0,392.0
61.0,24.0,901.0,383.0
62.0,24.0,908.0,382.0
63.0,24.0,915.0,381.0
64.0,24.0,926.0,387.0
65.0,24.0,915.0,383.0
66.0,24.0,908.0,384.0
67.0,24.0,901.0,385.0
0.0,25.0,805.0,348.0
1.0,25.0,806.0,369.0
2.0,25.0,808.0,390.0
3.0,25.0,813.0,410.0
4.0,25.0,824.0,426.0
5.0,25.0,840.0,438.0
6.0,25.0,861.0,445.0
7.0,25.0,884.0,448.0
8.0,25.0,906.0,447.0
9.0,25.0,926.0,443.0
10.0,25.0,940.0,435.0
11.0,25.0,951.0,423.0
12.0,25.0,959.0,408.0
13.0,25.0,963.0,391.0
14.0,25.0,965.0,374.0
15.0,25.0,965.0,356.0
16.0,25.0,964.0,338.0
17.0,25.0,828.0,313.0
18.0,25.0,838.0,299.0
19.0,25.0,853.0,291.0
20.0,25.0,870.0,290.0
21.0,25.0,886.0,295.0
22.0,25.0,904.0,295.0
23.0,25.0,918.0,290.0
24.0,25.0,932.0,291.0
25.0,25.0,944.0,296.0
26.0,25.0,950.0,308.0
27.0,25.0,898.0,315.0
28.0,25.0,900.0,324.0
29.0,25.0,902.0,333.0
30.0,25.0,905.0,343.0
31.0,25.0,883.0,363.0
32.0,25.0,894.0,364.0
33.0,25.0,903.0,366.0
34.0,25.0,911.0,363.0
35.0,25.0,919.0,361.0
36.0,25.0,847.0,326.0
37.0,25.0,855.0,320.0
38.0,25.0,863.0,319.0
39.0,25.0,872.0,322.0
40.0,25.0,865.0,324.0
41.0,25.0,856.0,326.0
42.0,25.0,914.0,321.0
43.0,25.0,923.0,318.0
44.0,25.0,931.0,319.0
45.0,25.0,938.0,323.0
46.0,25.0,931.0,323.0
47.0,25.0,923.0,323.0
48.0,25.0,873.0,401.0
49.0,25.0,886.0,389.0
50.0,25.0,897.0,382.0
51.0,25.0,904.0,384.0
52.0,25.0,911.0,381.0
53.0,25.0,920.0,387.0
54.0,25.0,928.0,397.0
55.0,25.0,921.0,402.0
56.0,25.0,913.0,403.0
57.0,25.0,906.0,404.0
58.0,25.0,898.0,405.0
59.0,25.0,886.0,405.0
60.0,25.0,879.0,399.0
61.0,25.0,897.0,391.0
62.0,25.0,904.0,391.0
63.0,25.0,911.0,390.0
64.0,25.0,923.0,396.0
65.0,25.0,912.0,392.0
66.0,25.0,905.0,393.0
67.0,25.0,898.0,394.0
0.0,26.0,802.0,346.0
1.0,26.0,803.0,368.0
2.0,26.0,805.0,390.0
3.0,26.0,810.0,411.0
4.0,26.0,821.0,427.0
5.0,26.0,839.0,438.0
6.0,26.0,860.0,444.0
7.0,26.0,883.0,448.0
8.0,26.0,905.0,447.0
9.0,26.0,924.0,443.0
10.0,26.0,939.0,435.0
11.0,26.0,952.0,424.0
12.0,26.0,960.0,409.0
13.0,26.0,965.0,393.0
14.0,26.0,967.0,375.0
15.0,26.0,968.0,356.0
16.0,26.0,967.0,338.0
17.0,26.0,829.0,309.0
18.0,26.0,839.0,296.0
19.0,26.0,854.0,289.0
20.0,26.0,871.0,288.0
21.0,26.0,886.0,294.0
22.0,26.0,906.0,295.0
23.0,26.0,919.0,290.0
24.0,26.0,933.0,290.0
25.0,26.0,945.0,295.0
26.0,26.0,951.0,307.0
27.0,26.0,899.0,314.0
28.0,26.0,901.0,324.0
29.0,26.0,903.0,333.0
30.0,26.0,905.0,343.0
31.0,26.0,884.0,362.0
32.0,26.0,893.0,364.0
33.0,26.0,903.0,366.0
34.0,26.0,911.0,363.0
35.0,26.0,919.0,361.0
36.0,26.0,847.0,323.0
37.0,26.0,855.0,318.0
38.0,26.0,864.0,317.0
39.0,26.0,872.0,321.0
40.0,26.0,865.0,322.0
41.0,26.0,856.0,323.0
42.0,26.0,916.0,320.0
43.0,26.0,924.0,317.0
44.0,26.0,932.0,318.0
45.0,26.0,938.0,322.0
46.0,26.0,931.0,321.0
47.0,26.0,924.0,321.0
48.0,26.0,873.0,400.0
49.0,26.0,886.0,389.0
50.0,26.0,897.0,383.0
51.0,26.0,904.0,384.0
52.0,26.0,911.0,382.0
53.0,26.0,920.0,387.0
54.0,26.0,928.0,397.0
55.0,26.0,920.0,401.0
56.0,26.0,913.0,402.0
57.0,26.0,905.0,403.0
58.0,26.0,897.0,404.0
59.0,26.0,886.0,404.0
60.0,26.0,878.0,399.0
61.0,26.0,897.0,392.0
62.0,26.0,904.0,392.0
63.0,26.0,911.0,391.0
64.0,26.0,923.0,396.0
65.0,26.0,912.0,392.0
66.0,26.0,904.0,392.0
67.0,26.0,897.0,393.0
0.0,27.0,800.0,342.0
1.0,27.0,801.0,363.0
2.0,27.0,803.0,384.0
3.0,27.0,808.0,404.0
4.0,27.0,818.0,420.0
5.0,27.0,834.0,432.0
6.0,27.0,854.0,441.0
7.0,27.0,875.0,447.0
8.0,27.0,897.0,447.0
9.0,27.0,917.0,443.0
10.0,27.0,932.0,434.0
11.0,27.0,945.0,422.0
12.0,27.0,955.0,407.0
13.0,27.0,960.0,391.0
14.0,27.0,962.0,372.0
15.0,27.0,962.0,354.0
16.0,27.0,962.0,336.0
17.0,27.0,825.0,309.0
18.0,27.0,834.0,296.0
19.0,27.0,848.0,289.0
20.0,27.0,864.0,288.0
21.0,27.0,878.0,293.0
22.0,27.0,900.0,294.0
23.0,27.0,914.0,290.0
24.0,27.0,927.0,291.0
25.0,27.0,939.0,296.0
26.0,27.0,945.0,307.0
27.0,27.0,891.0,314.0
28.0,27.0,892.0,324.0
29.0,27.0,894.0,333.0
30.0,27.0,896.0,344.0
31.0,27.0,877.0,362.0
32.0,27.0,886.0,364.0
33.0,27.0,894.0,365.0
34.0,27.0,902.0,363.0
35.0,27.0,908.0,361.0
36.0,27.0,842.0,323.0
37.0,27.0,850.0,318.0
38.0,27.0,859.0,318.0
39.0,27.0,867.0,322.0
40.0,27.0,860.0,323.0
41.0,27.0,850.0,324.0
42.0,27.0,908.0,321.0
43.0,27.0,917.0,317.0
44.0,27.0,925.0,318.0
45.0,27.0,932.0,322.0
46.0,27.0,925.0,322.0
47.0,27.0,917.0,322.0
48.0,27.0,865.0,400.0
49.0,27.0,877.0,387.0
50.0,27.0,888.0,380.0
51.0,27.0,895.0,382.0
52.0,27.0,902.0,380.0
53.0,27.0,912.0,385.0
54.0,27.0,920.0,396.0
55.0,27.0,913.0,401.0
56.0,27.0,904.0,403.0
57.0,27.0,896.0,405.0
58.0,27.0,889.0,405.0
59.0,27.0,878.0,405.0
60.0,27.0,871.0,398.0
61.0,27.0,888.0,390.0
62.0,27.0,895.0,389.0
63.0,27.0,903.0,389.0
64.0,27.0,916.0,395.0
65.0,27.0,903.0,393.0
66.0,27.0,895.0,394.0
67.0,27.0,889.0,394.0
0.0,28.0,793.0,348.0
1.0,28.0,794.0,370.0
2.0,28.0,796.0,391.0
3.0,28.0,802.0,410.0
4.0,28.0,812.0,426.0
5.0,28.0,828.0,438.0
6.0,28.0,849.0,446.0
7.0,28.0,870.0,452.0
8.0,28.0,892.0,452.0
9.0,28.0,912.0,448.0
10.0,28.0,927.0,438.0
11.0,28.0,941.0,426.0
12.0,28.0,952.0,411.0
13.0,28.0,958.0,394.0
14.0,28.0,961.0,374.0
15.0,28.0,960.0,355.0
16.0,28.0,958.0,335.0
17.0,28.0,816.0,316.0
18.0,28.0,825.0,301.0
19.0,28.0,840.0,294.0
20.0,28.0,857.0,293.0
21.0,28.0,872.0,298.0
22.0,28.0,890.0,297.0
23.0,28.0,904.0,293.0
24.0,28.0,918.0,293.0
25.0,28.0,931.0,297.0
26.0,28.0,939.0,309.0
27.0,28.0,884.0,318.0
28.0,28.0,886.0,328.0
29.0,28.0,888.0,338.0
30.0,28.0,891.0,348.0
31.0,28.0,870.0,367.0
32.0,28.0,880.0,369.0
33.0,28.0,890.0,370.0
34.0,28.0,899.0,367.0
35.0,28.0,907.0,365.0
36.0,28.0,835.0,328.0
37.0,28.0,843.0,324.0
38.0,28.0,852.0,323.0
39.0,28.0,860.0,326.0
40.0,28.0,853.0,327.0
41.0,28.0,844.0,329.0
42.0,28.0,902.0,324.0
43.0,28.0,911.0,320.0
44.0,28.0,919.0,321.0
45.0,28.0,926.0,324.0
46.0,28.0,919.0,325.0
47.0,28.0,911.0,324.0
48.0,28.0,861.0,406.0
49.0,28.0,872.0,393.0
50.0,28.0,883.0,386.0
51.0,28.0,890.0,388.0
52.0,28.0,898.0,385.0
53.0,28.0,907.0,391.0
54.0,28.0,916.0,401.0
55.0,28.0,908.0,406.0
56.0,28.0,899.0,409.0
57.0,28.0,891.0,410.0
58.0,28.0,884.0,410.0
59.0,28.0,873.0,410.0
60.0,28.0,866.0,404.0
61.0,28.0,884.0,396.0
62.0,28.0,890.0,395.0
63.0,28.0,898.0,395.0
64.0,28.0,910.0,400.0
65.0,28.0,898.0,397.0
66.0,28.0,890.0,398.0
67.0,28.0,884.0,398.0
0.0,29.0,798.0,343.0
1.0,29.0,800.0,365.0
2.0,29.0,802.0,388.0
3.0,29.0,807.0,408.0
4.0,29.0,819.0,425.0
5.0,29.0,836.0,438.0
6.0,29.0,858.0,446.0
7.0,29.0,881.0,452.0
8.0,29.0,903.0,452.0
9.0,29.0,923.0,449.0
10.0,29.0,939.0,439.0
11.0,29.0,954.0,427.0
12.0,29.0,965.0,412.0
13.0,29.0,971.0,393.0
14.0,29.0,973.0,373.0
15.0,29.0,971.0,352.0
16.0,29.0,969.0,332.0
17.0,29.0,825.0,310.0
18.0,29.0,836.0,297.0
19.0,29.0,851.0,290.0
20.0,29.0,868.0,290.0
21.0,29.0,883.0,295.0
22.0,29.0,904.0,295.0
23.0,29.0,917.0,290.0
24.0,29.0,931.0,290.0
25.0,29.0,943.0,295.0
26.0,29.0,950.0,306.0
27.0,29.0,897.0,316.0
28.0,29.0,899.0,327.0
29.0,29.0,901.0,337.0
30.0,29.0,904.0,348.0
31.0,29.0,883.0,367.0
32.0,29.0,893.0,368.0
33.0,29.0,903.0,369.0
34.0,29.0,911.0,367.0
35.0,29.0,919.0,365.0
36.0,29.0,845.0,324.0
37.0,29.0,853.0,319.0
38.0,29.0,862.0,319.0
39.0,29.0,871.0,322.0
40.0,29.0,863.0,324.0
41.0,29.0,854.0,325.0
42.0,29.0,914.0,321.0
43.0,29.0,922.0,317.0
44.0,29.0,930.0,318.0
45.0,29.0,938.0,322.0
46.0,29.0,930.0,322.0
47.0,29.0,922.0,322.0
48.0,29.0,872.0,405.0
49.0,29.0,884.0,393.0
50.0,29.0,896.0,386.0
51.0,29.0,903.0,388.0
52.0,29.0,911.0,385.0
53.0,29.0,920.0,391.0
54.0,29.0,928.0,402.0
55.0,29.0,921.0,406.0
56.0,29.0,913.0,409.0
57.0,29.0,905.0,410.0
58.0,29.0,897.0,410.0
59.0,29.0,885.0,410.0
60.0,29.0,878.0,404.0
61.0,29.0,896.0,396.0
62.0,29.0,904.0,396.0
63.0,29.0,911.0,396.0
64.0,29.0,922.0,400.0
65.0,29.0,912.0,397.0
66.0,29.0,904.0,398.0
67.0,29.0,897.0,398.0
0.0,30.0,798.0,360.0
1.0,30.0,801.0,383.0
2.0,30.0,805.0,405.0
3.0,30.0,810.0,427.0
4.0,30.0,818.0,447.0
5.0,30.0,834.0,460.0
6.0,30.0,857.0,466.0
7.0,30.0,884.0,467.0
8.0,30.0,908.0,466.0
9.0,30.0,929.0,464.0
10.0,30.0,945.0,457.0
11.0,30.0,959.0,444.0
12.0,30.0,967.0,427.0
13.0,30.0,970.0,405.0
14.0,30.0,971.0,384.0
15.0,30.0,970.0,362.0
16.0,30.0,967.0,341.0
17.0,30.0,824.0,319.0
18.0,30.0,837.0,305.0
19.0,30.0,853.0,298.0
20.0,30.0,872.0,298.0
21.0,30.0,887.0,306.0
22.0,30.0,905.0,303.0
23.0,30.0,918.0,295.0
24.0,30.0,932.0,294.0
25.0,30.0,946.0,298.0
26.0,30.0,954.0,308.0
27.0,30.0,900.0,323.0
28.0,30.0,903.0,335.0
29.0,30.0,906.0,347.0
30.0,30.0,909.0,359.0
31.0,30.0,887.0,378.0
32.0,30.0,897.0,380.0
33.0,30.0,907.0,382.0
34.0,30.0,915.0,379.0
35.0,30.0,922.0,377.0
36.0,30.0,843.0,332.0
37.0,30.0,852.0,325.0
38.0,30.0,863.0,324.0
39.0,30.0,874.0,331.0
40.0,30.0,864.0,333.0
41.0,30.0,853.0,334.0
42.0,30.0,917.0,329.0
43.0,30.0,927.0,321.0
44.0,30.0,937.0,321.0
45.0,30.0,945.0,327.0
46.0,30.0,938.0,330.0
47.0,30.0,928.0,331.0
48.0,30.0,873.0,416.0
49.0,30.0,887.0,404.0
50.0,30.0,900.0,396.0
51.0,30.0,907.0,398.0
52.0,30.0,914.0,396.0
53.0,30.0,923.0,402.0
54.0,30.0,932.0,414.0
55.0,30.0,924.0,417.0
56.0,30.0,916.0,418.0
57.0,30.0,908.0,419.0
58.0,30.0,900.0,420.0
59.0,30.0,887.0,420.0
60.0,30.0,879.0,414.0
61.0,30.0,900.0,407.0
62.0,30.0,907.0,407.0
63.0,30.0,915.0,406.0
64.0,30.0,927.0,412.0
65.0,30.0,915.0,407.0
66.0,30.0,907.0,408.0
67.0,30.0,900.0,409.0
0.0,31.0,802.0,345.0
1.0,31.0,803.0,368.0
2.0,31.0,805.0,391.0
3.0,31.0,809.0,412.0
4.0,31.0,819.0,430.0
5.0,31.0,835.0,442.0
6.0,31.0,857.0,449.0
7.0,31.0,880.0,453.0
8.0,31.0,903.0,454.0
9.0,31.0,924.0,451.0
10.0,31.0,940.0,444.0
11.0,31.0,955.0,435.0
12.0,31.0,965.0,420.0
13.0,31.0,970.0,401.0
14.0,31.0,972.0,381.0
15.0,31.0,972.0,361.0
16.0,31.0,971.0,340.0
17.0,31.0,832.0,312.0
18.0,31.0,843.0,299.0
19.0,31.0,859.0,293.0
20.0,31.0,876.0,295.0
21.0,31.0,889.0,302.0
22.0,31.0,911.0,303.0
23.0,31.0,924.0,299.0
24.0,31.0,938.0,299.0
25.0,31.0,949.0,305.0
26.0,31.0,956.0,316.0
27.0,31.0,903.0,321.0
28.0,31.0,905.0,333.0
29.0,31.0,907.0,344.0
30.0,31.0,909.0,356.0
31.0,31.0,888.0,372.0
32.0,31.0,897.0,374.0
33.0,31.0,906.0,375.0
34.0,31.0,913.0,374.0
35.0,31.0,920.0,373.0
36.0,31.0,850.0,327.0
37.0,31.0,859.0,323.0
38.0,31.0,868.0,322.0
39.0,31.0,877.0,327.0
40.0,31.0,869.0,328.0
41.0,31.0,860.0,329.0
42.0,31.0,920.0,329.0
43.0,31.0,929.0,326.0
44.0,31.0,937.0,327.0
45.0,31.0,944.0,331.0
46.0,31.0,937.0,331.0
47.0,31.0,929.0,330.0
48.0,31.0,872.0,408.0
49.0,31.0,886.0,396.0
50.0,31.0,898.0,391.0
51.0,31.0,905.0,393.0
52.0,31.0,913.0,391.0
53.0,31.0,921.0,397.0
54.0,31.0,927.0,408.0
55.0,31.0,920.0,412.0
56.0,31.0,912.0,413.0
57.0,31.0,904.0,414.0
58.0,31.0,897.0,414.0
59.0,31.0,885.0,413.0
60.0,31.0,877.0,406.0
61.0,31.0,898.0,400.0
62.0,31.0,905.0,401.0
63.0,31.0,912.0,401.0
64.0,31.0,922.0,406.0
65.0,31.0,912.0,402.0
66.0,31.0,904.0,403.0
67.0,31.0,897.0,403.0
0.0,32.0,800.0,339.0
1.0,32.0,802.0,360.0
2.0,32.0,806.0,381.0
3.0,32.0,811.0,400.0
4.0,32.0,820.0,416.0
5.0,32.0,836.0,428.0
6.0,32.0,858.0,434.0
7.0,32.0,880.0,439.0
8.0,32.0,901.0,440.0
9.0,32.0,921.0,439.0
10.0,32.0,937.0,432.0
11.0,32.0,951.0,424.0
12.0,32.0,963.0,410.0
13.0,32.0,969.0,393.0
14.0,32.0,971.0,374.0
15.0,32.0,971.0,355.0
16.0,32.0,970.0,335.0
17.0,32.0,824.0,311.0
18.0,32.0,834.0,296.0
19.0,32.0,850.0,288.0
20.0,32.0,868.0,287.0
21.0,32.0,884.0,293.0
22.0,32.0,908.0,293.0
23.0,32.0,922.0,287.0
24.0,32.0,937.0,288.0
25.0,32.0,950.0,294.0
26.0,32.0,957.0,307.0
27.0,32.0,898.0,312.0
28.0,32.0,901.0,322.0
29.0,32.0,903.0,331.0
30.0,32.0,906.0,340.0
31.0,32.0,886.0,360.0
32.0,32.0,895.0,360.0
33.0,32.0,905.0,361.0
34.0,32.0,913.0,360.0
35.0,32.0,921.0,358.0
36.0,32.0,843.0,323.0
37.0,32.0,852.0,317.0
38.0,32.0,862.0,315.0
39.0,32.0,872.0,320.0
40.0,32.0,863.0,322.0
41.0,32.0,853.0,323.0
42.0,32.0,918.0,320.0
43.0,32.0,928.0,315.0
44.0,32.0,936.0,316.0
45.0,32.0,944.0,321.0
46.0,32.0,936.0,321.0
47.0,32.0,927.0,321.0
48.0,32.0,872.0,396.0
49.0,32.0,886.0,384.0
50.0,32.0,898.0,377.0
51.0,32.0,905.0,379.0
52.0,32.0,911.0,377.0
53.0,32.0,920.0,383.0
54.0,32.0,928.0,394.0
55.0,32.0,920.0,398.0
56.0,32.0,912.0,399.0
57.0,32.0,905.0,399.0
58.0,32.0,897.0,399.0
59.0,32.0,886.0,399.0
60.0,32.0,878.0,394.0
61.0,32.0,898.0,387.0
62.0,32.0,905.0,387.0
63.0,32.0,911.0,386.0
64.0,32.0,924.0,392.0
65.0,32.0,911.0,388.0
66.0,32.0,904.0,388.0
67.0,32.0,897.0,388.0
0.0,33.0,804.0,345.0
1.0,33.0,805.0,367.0
2.0,33.0,807.0,388.0
3.0,33.0,813.0,407.0
4.0,33.0,822.0,423.0
5.0,33.0,838.0,434.0
6.0,33.0,859.0,441.0
7.0,33.0,881.0,445.0
8.0,33.0,903.0,445.0
9.0,33.0,924.0,442.0
10.0,33.0,939.0,435.0
11.0,33.0,953.0,425.0
12.0,33.0,963.0,411.0
13.0,33.0,968.0,395.0
14.0,33.0,970.0,377.0
15.0,33.0,970.0,358.0
16.0,33.0,970.0,340.0
17.0,33.0,831.0,309.0
18.0,33.0,841.0,294.0
19.0,33.0,856.0,286.0
20.0,33.0,874.0,285.0
21.0,33.0,888.0,291.0
22.0,33.0,908.0,293.0
23.0,33.0,921.0,289.0
24.0,33.0,936.0,291.0
25.0,33.0,947.0,297.0
26.0,33.0,953.0,310.0
27.0,33.0,901.0,313.0
28.0,33.0,903.0,323.0
29.0,33.0,905.0,332.0
30.0,33.0,907.0,342.0
31.0,33.0,885.0,362.0
32.0,33.0,896.0,363.0
33.0,33.0,905.0,364.0
34.0,33.0,914.0,362.0
35.0,33.0,921.0,360.0
36.0,33.0,850.0,322.0
37.0,33.0,858.0,317.0
38.0,33.0,867.0,316.0
39.0,33.0,876.0,321.0
40.0,33.0,868.0,322.0
41.0,33.0,859.0,323.0
42.0,33.0,918.0,322.0
43.0,33.0,927.0,318.0
44.0,33.0,935.0,320.0
45.0,33.0,942.0,325.0
46.0,33.0,934.0,324.0
47.0,33.0,926.0,323.0
48.0,33.0,873.0,399.0
49.0,33.0,886.0,386.0
50.0,33.0,898.0,379.0
51.0,33.0,905.0,381.0
52.0,33.0,912.0,379.0
53.0,33.0,921.0,386.0
54.0,33.0,928.0,398.0
55.0,33.0,921.0,401.0
56.0,33.0,913.0,403.0
57.0,33.0,905.0,403.0
58.0,33.0,898.0,403.0
59.0,33.0,886.0,403.0
60.0,33.0,879.0,397.0
61.0,33.0,898.0,389.0
62.0,33.0,905.0,389.0
63.0,33.0,912.0,389.0
64.0,33.0,923.0,396.0
65.0,33.0,912.0,391.0
66.0,33.0,905.0,392.0
67.0,33.0,898.0,392.0
0.0,34.0,803.0,343.0
1.0,34.0,804.0,364.0
2.0,34.0,806.0,386.0
3.0,34.0,811.0,405.0
4.0,34.0,821.0,422.0
5.0,34.0,837.0,433.0
6.0,34.0,859.0,440.0
7.0,34.0,882.0,444.0
8.0,34.0,904.0,444.0
9.0,34.0,924.0,442.0
10.0,34.0,939.0,434.0
11.0,34.0,953.0,424.0
12.0,34.0,963.0,410.0
13.0,34.0,968.0,394.0
14.0,34.0,970.0,375.0
15.0,34.0,969.0,356.0
16.0,34.0,968.0,338.0
17.0,34.0,830.0,307.0
18.0,34.0,840.0,293.0
19.0,34.0,855.0,285.0
20.0,34.0,872.0,285.0
21.0,34.0,887.0,291.0
22.0,34.0,909.0,292.0
23.0,34.0,922.0,288.0
24.0,34.0,935.0,290.0
25.0,34.0,947.0,296.0
26.0,34.0,953.0,308.0
27.0,34.0,901.0,313.0
28.0,34.0,903.0,322.0
29.0,34.0,906.0,331.0
30.0,34.0,908.0,341.0
31.0,34.0,888.0,361.0
32.0,34.0,897.0,362.0
33.0,34.0,906.0,362.0
34.0,34.0,914.0,361.0
35.0,34.0,921.0,360.0
36.0,34.0,849.0,322.0
37.0,34.0,858.0,317.0
38.0,34.0,867.0,316.0
39.0,34.0,876.0,320.0
40.0,34.0,868.0,322.0
41.0,34.0,859.0,322.0
42.0,34.0,917.0,321.0
43.0,34.0,926.0,318.0
44.0,34.0,934.0,320.0
45.0,34.0,940.0,324.0
46.0,34.0,933.0,324.0
47.0,34.0,925.0,323.0
48.0,34.0,874.0,398.0
49.0,34.0,887.0,386.0
50.0,34.0,900.0,379.0
51.0,34.0,906.0,381.0
52.0,34.0,913.0,379.0
53.0,34.0,921.0,385.0
54.0,34.0,928.0,397.0
55.0,34.0,922.0,400.0
56.0,34.0,914.0,401.0
57.0,34.0,906.0,402.0
58.0,34.0,899.0,402.0
59.0,34.0,887.0,402.0
60.0,34.0,879.0,396.0
61.0,34.0,900.0,389.0
62.0,34.0,906.0,389.0
63.0,34.0,913.0,389.0
64.0,34.0,924.0,395.0
65.0,34.0,913.0,390.0
66.0,34.0,906.0,390.0
67.0,34.0,899.0,391.0
0.0,35.0,798.0,344.0
1.0,35.0,801.0,365.0
2.0,35.0,804.0,385.0
3.0,35.0,809.0,404.0
4.0,35.0,819.0,419.0
5.0,35.0,836.0,430.0
6.0,35.0,857.0,435.0
7.0,35.0,880.0,437.0
8.0,35.0,903.0,437.0
9.0,35.0,922.0,433.0
10.0,35.0,938.0,427.0
11.0,35.0,952.0,418.0
12.0,35.0,961.0,404.0
13.0,35.0,965.0,388.0
14.0,35.0,966.0,371.0
15.0,35.0,965.0,353.0
16.0,35.0,964.0,336.0
17.0,35.0,825.0,306.0
18.0,35.0,835.0,290.0
19.0,35.0,850.0,281.0
20.0,35.0,868.0,280.0
21.0,35.0,883.0,286.0
22.0,35.0,906.0,287.0
23.0,35.0,918.0,282.0
24.0,35.0,932.0,284.0
25.0,35.0,944.0,290.0
26.0,35.0,950.0,302.0
27.0,35.0,898.0,307.0
28.0,35.0,900.0,316.0
29.0,35.0,903.0,324.0
30.0,35.0,906.0,333.0
31.0,35.0,884.0,354.0
32.0,35.0,894.0,354.0
33.0,35.0,904.0,355.0
34.0,35.0,912.0,354.0
35.0,35.0,919.0,352.0
36.0,35.0,845.0,318.0
37.0,35.0,854.0,312.0
38.0,35.0,863.0,310.0
39.0,35.0,872.0,316.0
40.0,35.0,864.0,317.0
41.0,35.0,855.0,318.0
42.0,35.0,914.0,315.0
43.0,35.0,922.0,311.0
44.0,35.0,930.0,312.0
45.0,35.0,937.0,317.0
46.0,35.0,930.0,317.0
47.0,35.0,922.0,316.0
48.0,35.0,871.0,391.0
49.0,35.0,884.0,378.0
50.0,35.0,896.0,371.0
51.0,35.0,904.0,372.0
52.0,35.0,911.0,370.0
53.0,35.0,919.0,376.0
54.0,35.0,927.0,389.0
55.0,35.0,920.0,391.0
56.0,35.0,912.0,392.0
57.0,35.0,904.0,393.0
58.0,35.0,896.0,393.0
59.0,35.0,884.0,394.0
60.0,35.0,877.0,389.0
61.0,35.0,896.0,381.0
62.0,35.0,904.0,380.0
63.0,35.0,911.0,380.0
64.0,35.0,922.0,387.0
65.0,35.0,911.0,382.0
66.0,35.0,903.0,382.0
67.0,35.0,896.0,382.0
0.0,36.0,794.0,345.0
1.0,36.0,798.0,364.0
2.0,36.0,802.0,383.0
3.0,36.0,808.0,400.0
4.0,36.0,818.0,415.0
5.0,36.0,834.0,426.0
6.0,36.0,854.0,433.0
7.0,36.0,874.0,439.0
8.0,36.0,895.0,440.0
9.0,36.0,914.0,436.0
10.0,36.0,928.0,426.0
11.0,36.0,940.0,413.0
12.0,36.0,948.0,398.0
13.0,36.0,952.0,381.0
14.0,36.0,953.0,362.0
15.0,36.0,952.0,344.0
16.0,36.0,951.0,326.0
17.0,36.0,815.0,316.0
18.0,36.0,822.0,302.0
19.0,36.0,836.0,295.0
20.0,36.0,851.0,293.0
21.0,36.0,865.0,297.0
22.0,36.0,890.0,296.0
23.0,36.0,902.0,290.0
24.0,36.0,916.0,289.0
25.0,36.0,929.0,292.0
26.0,36.0,938.0,301.0
27.0,36.0,880.0,314.0
28.0,36.0,883.0,323.0
29.0,36.0,885.0,331.0
30.0,36.0,888.0,340.0
31.0,36.0,874.0,361.0
32.0,36.0,882.0,361.0
33.0,36.0,889.0,361.0
34.0,36.0,895.0,359.0
35.0,36.0,901.0,358.0
36.0,36.0,833.0,328.0
37.0,36.0,840.0,320.0
38.0,36.0,850.0,319.0
39.0,36.0,859.0,323.0
40.0,36.0,851.0,326.0
41.0,36.0,842.0,328.0
42.0,36.0,899.0,320.0
43.0,36.0,908.0,314.0
44.0,36.0,916.0,313.0
45.0,36.0,923.0,318.0
46.0,36.0,916.0,320.0
47.0,36.0,908.0,320.0
48.0,36.0,864.0,395.0
49.0,36.0,875.0,383.0
50.0,36.0,885.0,377.0
51.0,36.0,891.0,377.0
52.0,36.0,897.0,375.0
53.0,36.0,906.0,379.0
54.0,36.0,914.0,389.0
55.0,36.0,908.0,393.0
56.0,36.0,900.0,396.0
57.0,36.0,894.0,397.0
58.0,36.0,887.0,398.0
59.0,36.0,877.0,398.0
60.0,36.0,869.0,393.0
61.0,36.0,886.0,384.0
62.0,36.0,892.0,383.0
63.0,36.0,898.0,382.0
64.0,36.0,910.0,388.0
65.0,36.0,899.0,387.0
66.0,36.0,892.0,388.0
67.0,36.0,886.0,388.0
0.0,37.0,798.0,345.0
1.0,37.0,800.0,365.0
2.0,37.0,802.0,385.0
3.0,37.0,807.0,404.0
4.0,37.0,818.0,418.0
5.0,37.0,833.0,430.0
6.0,37.0,852.0,437.0
7.0,37.0,872.0,443.0
8.0,37.0,893.0,443.0
9.0,37.0,912.0,439.0
10.0,37.0,927.0,431.0
11.0,37.0,941.0,420.0
12.0,37.0,952.0,407.0
13.0,37.0,958.0,391.0
14.0,37.0,961.0,373.0
15.0,37.0,960.0,354.0
16.0,37.0,958.0,336.0
17.0,37.0,822.0,310.0
18.0,37.0,830.0,296.0
19.0,37.0,844.0,289.0
20.0,37.0,860.0,289.0
21.0,37.0,874.0,295.0
22.0,37.0,893.0,295.0
23.0,37.0,906.0,290.0
24.0,37.0,919.0,290.0
25.0,37.0,931.0,296.0
26.0,37.0,937.0,307.0
27.0,37.0,886.0,315.0
28.0,37.0,888.0,323.0
29.0,37.0,890.0,331.0
30.0,37.0,892.0,340.0
31.0,37.0,872.0,361.0
32.0,37.0,882.0,361.0
33.0,37.0,891.0,362.0
34.0,37.0,900.0,360.0
35.0,37.0,907.0,358.0
36.0,37.0,839.0,324.0
37.0,37.0,847.0,319.0
38.0,37.0,856.0,318.0
39.0,37.0,864.0,321.0
40.0,37.0,857.0,323.0
41.0,37.0,848.0,324.0
42.0,37.0,903.0,321.0
43.0,37.0,912.0,317.0
44.0,37.0,919.0,319.0
45.0,37.0,926.0,322.0
46.0,37.0,919.0,322.0
47.0,37.0,912.0,321.0
48.0,37.0,863.0,398.0
49.0,37.0,875.0,385.0
50.0,37.0,885.0,378.0
51.0,37.0,892.0,379.0
52.0,37.0,899.0,377.0
53.0,37.0,908.0,383.0
54.0,37.0,916.0,394.0
55.0,37.0,909.0,398.0
56.0,37.0,901.0,400.0
57.0,37.0,893.0,401.0
58.0,37.0,886.0,402.0
59.0,37.0,875.0,402.0
60.0,37.0,868.0,396.0
61.0,37.0,886.0,388.0
62.0,37.0,892.0,387.0
63.0,37.0,899.0,386.0
64.0,37.0,911.0,393.0
65.0,37.0,899.0,389.0
66.0,37.0,892.0,390.0
67.0,37.0,886.0,390.0
0.0,38.0,797.0,344.0
1.0,38.0,799.0,364.0
2.0,38.0,802.0,385.0
3.0,38.0,806.0,403.0
4.0,38.0,817.0,419.0
5.0,38.0,832.0,430.0
6.0,38.0,853.0,437.0
7.0,38.0,876.0,440.0
8.0,38.0,898.0,439.0
9.0,38.0,917.0,435.0
10.0,38.0,932.0,428.0
11.0,38.0,945.0,418.0
12.0,38.0,954.0,404.0
13.0,38.0,959.0,387.0
14.0,38.0,961.0,369.0
15.0,38.0,960.0,351.0
16.0,38.0,959.0,333.0
17.0,38.0,821.0,309.0
18.0,38.0,829.0,294.0
19.0,38.0,843.0,285.0
20.0,38.0,860.0,283.0
21.0,38.0,874.0,289.0
22.0,38.0,896.0,289.0
23.0,38.0,909.0,285.0
24.0,38.0,923.0,287.0
25.0,38.0,934.0,293.0
26.0,38.0,941.0,304.0
27.0,38.0,887.0,310.0
28.0,38.0,890.0,319.0
29.0,38.0,893.0,327.0
30.0,38.0,896.0,337.0
31.0,38.0,876.0,357.0
32.0,38.0,886.0,358.0
33.0,38.0,895.0,359.0
34.0,38.0,903.0,356.0
35.0,38.0,911.0,354.0
36.0,38.0,839.0,322.0
37.0,38.0,847.0,316.0
38.0,38.0,856.0,315.0
39.0,38.0,865.0,319.0
40.0,38.0,857.0,321.0
41.0,38.0,848.0,322.0
42.0,38.0,905.0,318.0
43.0,38.0,913.0,314.0
44.0,38.0,921.0,315.0
45.0,38.0,928.0,320.0
46.0,38.0,921.0,319.0
47.0,38.0,914.0,319.0
48.0,38.0,865.0,394.0
49.0,38.0,878.0,381.0
50.0,38.0,889.0,374.0
51.0,38.0,896.0,375.0
52.0,38.0,903.0,373.0
53.0,38.0,912.0,378.0
54.0,38.0,920.0,390.0
55.0,38.0,913.0,393.0
56.0,38.0,905.0,394.0
57.0,38.0,897.0,395.0
58.0,38.0,890.0,396.0
59.0,38.0,879.0,397.0
60.0,38.0,871.0,392.0
61.0,38.0,890.0,383.0
62.0,38.0,896.0,382.0
63.0,38.0,903.0,382.0
64.0,38.0,915.0,389.0
65.0,38.0,903.0,384.0
66.0,38.0,896.0,385.0
67.0,38.0,889.0,386.0
0.0,39.0,810.0,332.0
1.0,39.0,810.0,351.0
2.0,39.0,812.0,370.0
3.0,39.0,817.0,389.0
4.0,39.0,827.0,404.0
5.0,39.0,842.0,415.0
6.0,39.0,860.0,422.0
7.0,39.0,881.0,426.0
8.0,39.0,902.0,426.0
9.0,39.0,921.0,423.0
10.0,39.0,937.0,417.0
11.0,39.0,950.0,408.0
12.0,39.0,960.0,395.0
13.0,39.0,967.0,380.0
14.0,39.0,969.0,362.0
15.0,39.0,968.0,345.0
16.0,39.0,965.0,327.0
17.0,39.0,836.0,296.0
18.0,39.0,843.0,282.0
19.0,39.0,857.0,274.0
20.0,39.0,872.0,274.0
21.0,39.0,886.0,280.0
22.0,39.0,904.0,281.0
23.0,39.0,917.0,277.0
24.0,39.0,931.0,278.0
25.0,39.0,942.0,285.0
26.0,39.0,947.0,297.0
27.0,39.0,898.0,300.0
28.0,39.0,899.0,307.0
29.0,39.0,900.0,314.0
30.0,39.0,901.0,322.0
31.0,39.0,881.0,342.0
32.0,39.0,891.0,344.0
33.0,39.0,901.0,345.0
34.0,39.0,910.0,343.0
35.0,39.0,918.0,341.0
36.0,39.0,852.0,307.0
37.0,39.0,860.0,302.0
38.0,39.0,868.0,302.0
39.0,39.0,876.0,306.0
40.0,39.0,869.0,307.0
41.0,39.0,861.0,307.0
42.0,39.0,915.0,308.0
43.0,39.0,922.0,304.0
44.0,39.0,930.0,306.0
45.0,39.0,936.0,310.0
46.0,39.0,929.0,310.0
47.0,39.0,922.0,309.0
48.0,39.0,873.0,379.0
49.0,39.0,885.0,365.0
50.0,39.0,895.0,358.0
51.0,39.0,901.0,360.0
52.0,39.0,908.0,358.0
53.0,39.0,917.0,365.0
54.0,39.0,925.0,377.0
55.0,39.0,917.0,379.0
56.0,39.0,909.0,380.0
57.0,39.0,902.0,380.0
58.0,39.0,895.0,381.0
59.0,39.0,885.0,381.0
60.0,39.0,878.0,376.0
61.0,39.0,896.0,368.0
62.0,39.0,901.0,368.0
63.0,39.0,908.0,368.0
64.0,39.0,920.0,375.0
65.0,39.0,908.0,370.0
66.0,39.0,901.0,370.0
67.0,39.0,895.0,370.0
0.0,40.0,807.0,337.0
1.0,40.0,808.0,356.0
2.0,40.0,810.0,375.0
3.0,40.0,815.0,393.0
4.0,40.0,825.0,407.0
5.0,40.0,840.0,417.0
6.0,40.0,858.0,424.0
7.0,40.0,879.0,427.0
8.0,40.0,900.0,427.0
9.0,40.0,919.0,424.0
10.0,40.0,934.0,420.0
11.0,40.0,947.0,412.0
12.0,40.0,958.0,400.0
13.0,40.0,964.0,385.0
14.0,40.0,967.0,368.0
15.0,40.0,966.0,350.0
16.0,40.0,963.0,332.0
17.0,40.0,832.0,299.0
18.0,40.0,840.0,285.0
19.0,40.0,853.0,276.0
20.0,40.0,870.0,275.0
21.0,40.0,884.0,280.0
22.0,40.0,901.0,281.0
23.0,40.0,915.0,277.0
24.0,40.0,929.0,280.0
25.0,40.0,940.0,287.0
26.0,40.0,945.0,299.0
27.0,40.0,895.0,301.0
28.0,40.0,897.0,308.0
29.0,40.0,898.0,314.0
30.0,40.0,900.0,321.0
31.0,40.0,879.0,343.0
32.0,40.0,889.0,344.0
33.0,40.0,899.0,345.0
34.0,40.0,908.0,344.0
35.0,40.0,916.0,342.0
36.0,40.0,848.0,310.0
37.0,40.0,856.0,304.0
38.0,40.0,865.0,303.0
39.0,40.0,873.0,308.0
40.0,40.0,865.0,309.0
41.0,40.0,857.0,310.0
42.0,40.0,912.0,309.0
43.0,40.0,921.0,306.0
44.0,40.0,928.0,307.0
45.0,40.0,935.0,312.0
46.0,40.0,928.0,312.0
47.0,40.0,920.0,311.0
48.0,40.0,870.0,381.0
49.0,40.0,882.0,367.0
50.0,40.0,894.0,359.0
51.0,40.0,900.0,360.0
52.0,40.0,906.0,359.0
53.0,40.0,915.0,366.0
54.0,40.0,923.0,379.0
55.0,40.0,915.0,381.0
56.0,40.0,907.0,382.0
57.0,40.0,901.0,382.0
58.0,40.0,894.0,383.0
59.0,40.0,883.0,383.0
60.0,40.0,876.0,379.0
61.0,40.0,894.0,369.0
62.0,40.0,900.0,369.0
63.0,40.0,906.0,369.0
64.0,40.0,918.0,377.0
65.0,40.0,907.0,371.0
66.0,40.0,900.0,372.0
67.0,40.0,894.0,372.0
0.0,41.0,797.0,340.0
1.0,41.0,801.0,360.0
2.0,41.0,804.0,379.0
3.0,41.0,811.0,396.0
4.0,41.0,823.0,409.0
5.0,41.0,840.0,417.0
6.0,41.0,861.0,420.0
7.0,41.0,883.0,421.0
8.0,41.0,904.0,419.0
9.0,41.0,921.0,416.0
10.0,41.0,934.0,411.0
11.0,41.0,946.0,403.0
12.0,41.0,955.0,392.0
13.0,41.0,960.0,378.0
14.0,41.0,961.0,361.0
15.0,41.0,960.0,344.0
16.0,41.0,957.0,328.0
17.0,41.0,822.0,305.0
18.0,41.0,830.0,290.0
19.0,41.0,845.0,281.0
20.0,41.0,863.0,278.0
21.0,41.0,878.0,283.0
22.0,41.0,899.0,280.0
23.0,41.0,912.0,274.0
24.0,41.0,926.0,275.0
25.0,41.0,937.0,281.0
26.0,41.0,943.0,292.0
27.0,41.0,892.0,298.0
28.0,41.0,895.0,304.0
29.0,41.0,897.0,309.0
30.0,41.0,900.0,315.0
31.0,41.0,879.0,338.0
32.0,41.0,890.0,338.0
33.0,41.0,900.0,339.0
34.0,41.0,908.0,336.0
35.0,41.0,916.0,334.0
36.0,41.0,842.0,314.0
37.0,41.0,850.0,309.0
38.0,41.0,859.0,306.0
39.0,41.0,868.0,309.0
40.0,41.0,860.0,311.0
41.0,41.0,852.0,313.0
42.0,41.0,909.0,306.0
43.0,41.0,917.0,302.0
44.0,41.0,925.0,303.0
45.0,41.0,931.0,307.0
46.0,41.0,925.0,307.0
47.0,41.0,917.0,306.0
48.0,41.0,871.0,375.0
49.0,41.0,883.0,360.0
50.0,41.0,894.0,353.0
51.0,41.0,900.0,354.0
52.0,41.0,906.0,352.0
53.0,41.0,915.0,358.0
54.0,41.0,923.0,370.0
55.0,41.0,915.0,372.0
56.0,41.0,908.0,372.0
57.0,41.0,902.0,373.0
58.0,41.0,895.0,374.0
59.0,41.0,885.0,375.0
60.0,41.0,877.0,371.0
61.0,41.0,895.0,362.0
62.0,41.0,901.0,361.0
63.0,41.0,907.0,361.0
64.0,41.0,918.0,368.0
65.0,41.0,907.0,363.0
66.0,41.0,901.0,364.0
67.0,41.0,895.0,364.0
0.0,42.0,813.0,315.0
1.0,42.0,815.0,333.0
2.0,42.0,817.0,350.0
3.0,42.0,822.0,367.0
4.0,42.0,831.0,381.0
5.0,42.0,844.0,391.0
6.0,42.0,860.0,398.0
7.0,42.0,877.0,402.0
8.0,42.0,895.0,403.0
9.0,42.0,911.0,399.0
10.0,42.0,922.0,392.0
11.0,42.0,933.0,382.0
12.0,42.0,939.0,371.0
13.0,42.0,943.0,357.0
14.0,42.0,946.0,343.0
15.0,42.0,946.0,328.0
16.0,42.0,947.0,313.0
17.0,42.0,835.0,287.0
18.0,42.0,843.0,277.0
19.0,42.0,854.0,272.0
20.0,42.0,867.0,274.0
21.0,42.0,877.0,279.0
22.0,42.0,902.0,279.0
23.0,42.0,913.0,276.0
24.0,42.0,924.0,277.0
25.0,42.0,933.0,281.0
26.0,42.0,938.0,289.0
27.0,42.0,891.0,293.0
28.0,42.0,892.0,299.0
29.0,42.0,894.0,305.0
30.0,42.0,896.0,312.0
31.0,42.0,879.0,329.0
32.0,42.0,887.0,329.0
33.0,42.0,894.0,330.0
34.0,42.0,900.0,329.0
35.0,42.0,905.0,329.0
36.0,42.0,848.0,298.0
37.0,42.0,856.0,294.0
38.0,42.0,864.0,294.0
39.0,42.0,871.0,298.0
40.0,42.0,864.0,298.0
41.0,42.0,856.0,299.0
42.0,42.0,907.0,299.0
43.0,42.0,916.0,296.0
44.0,42.0,923.0,297.0
45.0,42.0,928.0,302.0
46.0,42.0,922.0,301.0
47.0,42.0,915.0,300.0
48.0,42.0,869.0,361.0
49.0,42.0,880.0,349.0
50.0,42.0,889.0,344.0
51.0,42.0,895.0,344.0
52.0,42.0,901.0,343.0
53.0,42.0,909.0,347.0
54.0,42.0,915.0,358.0
55.0,42.0,909.0,360.0
56.0,42.0,902.0,362.0
57.0,42.0,896.0,363.0
58.0,42.0,890.0,364.0
59.0,42.0,881.0,364.0
60.0,42.0,874.0,359.0
61.0,42.0,889.0,351.0
62.0,42.0,895.0,350.0
63.0,42.0,901.0,350.0
64.0,42.0,911.0,356.0
65.0,42.0,901.0,354.0
66.0,42.0,895.0,355.0
67.0,42.0,890.0,356.0
0.0,43.0,805.0,329.0
1.0,43.0,807.0,346.0
2.0,43.0,810.0,363.0
3.0,43.0,815.0,379.0
4.0,43.0,825.0,391.0
5.0,43.0,840.0,399.0
6.0,43.0,858.0,404.0
7.0,43.0,877.0,405.0
8.0,43.0,893.0,404.0
9.0,43.0,906.0,399.0
10.0,43.0,915.0,392.0
11.0,43.0,922.0,383.0
12.0,43.0,926.0,372.0
13.0,43.0,929.0,360.0
14.0,43.0,930.0,347.0
15.0,43.0,931.0,336.0
16.0,43.0,931.0,324.0
17.0,43.0,833.0,303.0
18.0,43.0,844.0,294.0
19.0,43.0,856.0,289.0
20.0,43.0,870.0,289.0
21.0,43.0,883.0,292.0
22.0,43.0,904.0,291.0
23.0,43.0,912.0,287.0
24.0,43.0,920.0,286.0
25.0,43.0,927.0,287.0
26.0,43.0,931.0,293.0
27.0,43.0,894.0,302.0
28.0,43.0,896.0,308.0
29.0,43.0,898.0,313.0
30.0,43.0,899.0,319.0
31.0,43.0,883.0,336.0
32.0,43.0,890.0,336.0
33.0,43.0,897.0,336.0
34.0,43.0,902.0,335.0
35.0,43.0,906.0,334.0
36.0,43.0,847.0,312.0
37.0,43.0,855.0,307.0
38.0,43.0,864.0,306.0
39.0,43.0,871.0,310.0
40.0,43.0,864.0,312.0
41.0,43.0,855.0,313.0
42.0,43.0,905.0,307.0
43.0,43.0,912.0,302.0
44.0,43.0,919.0,302.0
45.0,43.0,924.0,306.0
46.0,43.0,919.0,307.0
47.0,43.0,912.0,307.0
48.0,43.0,867.0,364.0
49.0,43.0,879.0,352.0
50.0,43.0,889.0,347.0
51.0,43.0,894.0,347.0
52.0,43.0,899.0,346.0
53.0,43.0,905.0,351.0
54.0,43.0,909.0,361.0
55.0,43.0,905.0,363.0
56.0,43.0,900.0,365.0
57.0,43.0,895.0,366.0
58.0,43.0,890.0,366.0
59.0,43.0,879.0,367.0
60.0,43.0,872.0,362.0
61.0,43.0,889.0,353.0
62.0,43.0,894.0,352.0
63.0,43.0,899.0,352.0
64.0,43.0,906.0,360.0
65.0,43.0,900.0,358.0
66.0,43.0,895.0,359.0
67.0,43.0,890.0,359.0
0.0,44.0,806.0,333.0
1.0,44.0,808.0,350.0
2.0,44.0,810.0,367.0
3.0,44.0,815.0,383.0
4.0,44.0,825.0,396.0
5.0,44.0,840.0,405.0
6.0,44.0,858.0,410.0
7.0,44.0,878.0,412.0
8.0,44.0,897.0,411.0
9.0,44.0,912.0,407.0
10.0,44.0,921.0,399.0
11.0,44.0,928.0,390.0
12.0,44.0,932.0,378.0
13.0,44.0,934.0,364.0
14.0,44.0,935.0,351.0
15.0,44.0,934.0,337.0
16.0,44.0,933.0,325.0
17.0,44.0,834.0,309.0
18.0,44.0,844.0,299.0
19.0,44.0,857.0,293.0
20.0,44.0,872.0,293.0
21.0,44.0,884.0,296.0
22.0,44.0,903.0,294.0
23.0,44.0,912.0,290.0
24.0,44.0,921.0,288.0
25.0,44.0,928.0,290.0
26.0,44.0,933.0,297.0
27.0,44.0,896.0,305.0
28.0,44.0,898.0,310.0
29.0,44.0,901.0,315.0
30.0,44.0,904.0,321.0
31.0,44.0,885.0,339.0
32.0,44.0,893.0,339.0
33.0,44.0,901.0,340.0
34.0,44.0,907.0,338.0
35.0,44.0,912.0,337.0
36.0,44.0,849.0,317.0
37.0,44.0,857.0,312.0
38.0,44.0,865.0,310.0
39.0,44.0,872.0,313.0
40.0,44.0,866.0,315.0
41.0,44.0,858.0,316.0
42.0,44.0,907.0,309.0
43.0,44.0,913.0,305.0
44.0,44.0,920.0,305.0
45.0,44.0,925.0,309.0
46.0,44.0,920.0,310.0
47.0,44.0,914.0,310.0
48.0,44.0,869.0,370.0
49.0,44.0,882.0,358.0
50.0,44.0,893.0,353.0
51.0,44.0,899.0,353.0
52.0,44.0,905.0,352.0
53.0,44.0,911.0,357.0
54.0,44.0,915.0,367.0
55.0,44.0,910.0,368.0
56.0,44.0,905.0,369.0
57.0,44.0,899.0,370.0
58.0,44.0,893.0,370.0
59.0,44.0,883.0,371.0
60.0,44.0,874.0,368.0
61.0,44.0,893.0,359.0
62.0,44.0,899.0,359.0
63.0,44.0,905.0,359.0
64.0,44.0,911.0,365.0
65.0,44.0,905.0,362.0
66.0,44.0,899.0,363.0
67.0,44.0,893.0,363.0
0.0,45.0,803.0,335.0
1.0,45.0,805.0,352.0
2.0,45.0,808.0,369.0
3.0,45.0,814.0,386.0
4.0,45.0,824.0,399.0
5.0,45.0,840.0,408.0
6.0,45.0,859.0,413.0
7.0,45.0,880.0,415.0
8.0,45.0,900.0,414.0
9.0,45.0,915.0,408.0
10.0,45.0,924.0,401.0
11.0,45.0,930.0,391.0
12.0,45.0,934.0,378.0
13.0,45.0,936.0,365.0
14.0,45.0,936.0,352.0
15.0,45.0,935.0,339.0
16.0,45.0,934.0,326.0
17.0,45.0,832.0,311.0
18.0,45.0,841.0,300.0
19.0,45.0,855.0,293.0
20.0,45.0,870.0,291.0
21.0,45.0,884.0,294.0
22.0,45.0,904.0,292.0
23.0,45.0,913.0,288.0
24.0,45.0,922.0,287.0
25.0,45.0,930.0,289.0
26.0,45.0,934.0,296.0
27.0,45.0,896.0,304.0
28.0,45.0,899.0,309.0
29.0,45.0,902.0,313.0
30.0,45.0,905.0,319.0
31.0,45.0,886.0,339.0
32.0,45.0,894.0,339.0
33.0,45.0,902.0,339.0
34.0,45.0,908.0,337.0
35.0,45.0,913.0,336.0
36.0,45.0,847.0,317.0
37.0,45.0,855.0,312.0
38.0,45.0,864.0,310.0
39.0,45.0,872.0,313.0
40.0,45.0,865.0,315.0
41.0,45.0,857.0,317.0
42.0,45.0,908.0,308.0
43.0,45.0,914.0,304.0
44.0,45.0,921.0,304.0
45.0,45.0,926.0,308.0
46.0,45.0,922.0,308.0
47.0,45.0,915.0,309.0
48.0,45.0,870.0,371.0
49.0,45.0,883.0,358.0
50.0,45.0,894.0,352.0
51.0,45.0,900.0,352.0
52.0,45.0,906.0,351.0
53.0,45.0,912.0,356.0
54.0,45.0,917.0,367.0
55.0,45.0,912.0,370.0
56.0,45.0,907.0,371.0
57.0,45.0,901.0,372.0
58.0,45.0,895.0,372.0
59.0,45.0,884.0,372.0
60.0,45.0,876.0,368.0
61.0,45.0,894.0,359.0
62.0,45.0,900.0,359.0
63.0,45.0,906.0,358.0
64.0,45.0,913.0,366.0
65.0,45.0,907.0,363.0
66.0,45.0,901.0,364.0
67.0,45.0,894.0,364.0
0.0,46.0,805.0,341.0
1.0,46.0,806.0,358.0
2.0,46.0,808.0,377.0
3.0,46.0,813.0,393.0
4.0,46.0,825.0,405.0
5.0,46.0,841.0,412.0
6.0,46.0,861.0,415.0
7.0,46.0,882.0,415.0
8.0,46.0,902.0,413.0
9.0,46.0,919.0,410.0
10.0,46.0,933.0,407.0
11.0,46.0,946.0,400.0
12.0,46.0,954.0,390.0
13.0,46.0,959.0,378.0
14.0,46.0,961.0,363.0
15.0,46.0,961.0,347.0
16.0,46.0,960.0,331.0
17.0,46.0,830.0,300.0
18.0,46.0,839.0,286.0
19.0,46.0,853.0,278.0
20.0,46.0,868.0,277.0
21.0,46.0,882.0,281.0
22.0,46.0,902.0,278.0
23.0,46.0,914.0,276.0
24.0,46.0,926.0,278.0
25.0,46.0,937.0,284.0
26.0,46.0,942.0,295.0
27.0,46.0,895.0,297.0
28.0,46.0,897.0,302.0
29.0,46.0,898.0,305.0
30.0,46.0,900.0,310.0
31.0,46.0,881.0,332.0
32.0,46.0,891.0,332.0
33.0,46.0,900.0,333.0
34.0,46.0,907.0,332.0
35.0,46.0,914.0,331.0
36.0,46.0,848.0,310.0
37.0,46.0,856.0,305.0
38.0,46.0,864.0,303.0
39.0,46.0,872.0,307.0
40.0,46.0,865.0,308.0
41.0,46.0,857.0,309.0
42.0,46.0,910.0,306.0
43.0,46.0,918.0,303.0
44.0,46.0,925.0,304.0
45.0,46.0,931.0,308.0
46.0,46.0,925.0,307.0
47.0,46.0,917.0,307.0
48.0,46.0,871.0,368.0
49.0,46.0,882.0,352.0
50.0,46.0,893.0,344.0
51.0,46.0,900.0,345.0
52.0,46.0,906.0,344.0
53.0,46.0,914.0,351.0
54.0,46.0,922.0,365.0
55.0,46.0,914.0,365.0
56.0,46.0,908.0,365.0
57.0,46.0,901.0,365.0
58.0,46.0,895.0,366.0
59.0,46.0,884.0,368.0
60.0,46.0,876.0,365.0
61.0,46.0,894.0,354.0
62.0,46.0,900.0,353.0
63.0,46.0,906.0,353.0
64.0,46.0,918.0,362.0
65.0,46.0,907.0,356.0
66.0,46.0,900.0,357.0
67.0,46.0,894.0,358.0
0.0,47.0,819.0,330.0
1.0,47.0,822.0,347.0
2.0,47.0,824.0,364.0
3.0,47.0,828.0,381.0
4.0,47.0,838.0,394.0
5.0,47.0,852.0,403.0
6.0,47.0,870.0,409.0
7.0,47.0,889.0,411.0
8.0,47.0,908.0,410.0
9.0,47.0,923.0,406.0
10.0,47.0,933.0,399.0
11.0,47.0,942.0,391.0
12.0,47.0,948.0,379.0
13.0,47.0,951.0,365.0
14.0,47.0,952.0,352.0
15.0,47.0,951.0,338.0
16.0,47.0,949.0,325.0
17.0,47.0,846.0,308.0
18.0,47.0,853.0,296.0
19.0,47.0,865.0,290.0
20.0,47.0,880.0,288.0
21.0,47.0,892.0,291.0
22.0,47.0,911.0,289.0
23.0,47.0,920.0,285.0
24.0,47.0,930.0,284.0
25.0,47.0,938.0,287.0
26.0,47.0,942.0,297.0
27.0,47.0,903.0,302.0
28.0,47.0,905.0,307.0
29.0,47.0,906.0,311.0
30.0,47.0,908.0,317.0
31.0,47.0,891.0,335.0
32.0,47.0,899.0,335.0
33.0,47.0,907.0,335.0
34.0,47.0,913.0,334.0
35.0,47.0,919.0,332.0
36.0,47.0,861.0,314.0
37.0,47.0,868.0,310.0
38.0,47.0,875.0,308.0
39.0,47.0,882.0,309.0
40.0,47.0,876.0,311.0
41.0,47.0,870.0,313.0
42.0,47.0,916.0,306.0
43.0,47.0,922.0,304.0
44.0,47.0,928.0,305.0
45.0,47.0,933.0,308.0
46.0,47.0,928.0,307.0
47.0,47.0,922.0,307.0
48.0,47.0,877.0,365.0
49.0,47.0,889.0,353.0
50.0,47.0,899.0,348.0
51.0,47.0,905.0,349.0
52.0,47.0,911.0,348.0
53.0,47.0,919.0,352.0
54.0,47.0,925.0,364.0
55.0,47.0,919.0,366.0
56.0,47.0,912.0,367.0
57.0,47.0,906.0,367.0
58.0,47.0,900.0,368.0
59.0,47.0,890.0,367.0
60.0,47.0,882.0,363.0
61.0,47.0,899.0,354.0
62.0,47.0,905.0,354.0
63.0,47.0,911.0,354.0
64.0,47.0,921.0,362.0
65.0,47.0,912.0,360.0
66.0,47.0,905.0,361.0
67.0,47.0,899.0,361.0
0.0,48.0,822.0,330.0
1.0,48.0,825.0,346.0
2.0,48.0,827.0,362.0
3.0,48.0,831.0,377.0
4.0,48.0,840.0,390.0
5.0,48.0,853.0,399.0
6.0,48.0,870.0,404.0
7.0,48.0,887.0,407.0
8.0,48.0,905.0,406.0
9.0,48.0,919.0,402.0
10.0,48.0,931.0,397.0
11.0,48.0,942.0,390.0
12.0,48.0,950.0,380.0
13.0,48.0,953.0,367.0
14.0,48.0,954.0,353.0
15.0,48.0,954.0,338.0
16.0,48.0,954.0,323.0
17.0,48.0,846.0,308.0
18.0,48.0,853.0,297.0
19.0,48.0,865.0,291.0
20.0,48.0,879.0,290.0
21.0,48.0,891.0,293.0
22.0,48.0,909.0,290.0
23.0,48.0,919.0,285.0
24.0,48.0,929.0,284.0
25.0,48.0,937.0,286.0
26.0,48.0,942.0,295.0
27.0,48.0,901.0,302.0
28.0,48.0,901.0,307.0
29.0,48.0,902.0,313.0
30.0,48.0,903.0,318.0
31.0,48.0,888.0,336.0
32.0,48.0,896.0,336.0
33.0,48.0,903.0,336.0
34.0,48.0,909.0,335.0
35.0,48.0,915.0,334.0
36.0,48.0,860.0,314.0
37.0,48.0,867.0,310.0
38.0,48.0,874.0,308.0
39.0,48.0,881.0,311.0
40.0,48.0,875.0,313.0
41.0,48.0,868.0,314.0
42.0,48.0,914.0,307.0
43.0,48.0,921.0,303.0
44.0,48.0,927.0,303.0
45.0,48.0,933.0,306.0
46.0,48.0,927.0,306.0
47.0,48.0,921.0,307.0
48.0,48.0,876.0,363.0
49.0,48.0,886.0,352.0
50.0,48.0,896.0,346.0
51.0,48.0,902.0,346.0
52.0,48.0,908.0,345.0
53.0,48.0,916.0,350.0
54.0,48.0,924.0,361.0
55.0,48.0,917.0,363.0
56.0,48.0,909.0,364.0
57.0,48.0,904.0,365.0
58.0,48.0,897.0,365.0
59.0,48.0,887.0,365.0
60.0,48.0,880.0,361.0
61.0,48.0,896.0,352.0
62.0,48.0,902.0,352.0
63.0,48.0,908.0,351.0
64.0,48.0,920.0,359.0
65.0,48.0,909.0,358.0
66.0,48.0,903.0,358.0
67.0,48.0,897.0,359.0
0.0,49.0,807.0,340.0
1.0,49.0,809.0,356.0
2.0,49.0,810.0,373.0
3.0,49.0,816.0,389.0
4.0,49.0,827.0,401.0
5.0,49.0,842.0,408.0
6.0,49.0,861.0,412.0
7.0,49.0,882.0,413.0
8.0,49.0,901.0,411.0
9.0,49.0,918.0,408.0
10.0,49.0,932.0,405.0
11.0,49.0,944.0,399.0
12.0,49.0,952.0,389.0
13.0,49.0,957.0,376.0
14.0,49.0,959.0,360.0
15.0,49.0,958.0,344.0
16.0,49.0,955.0,327.0
17.0,49.0,829.0,302.0
18.0,49.0,837.0,288.0
19.0,49.0,850.0,280.0
20.0,49.0,865.0,278.0
21.0,49.0,879.0,281.0
22.0,49.0,898.0,277.0
23.0,49.0,909.0,274.0
24.0,49.0,921.0,275.0
25.0,49.0,931.0,279.0
26.0,49.0,937.0,289.0
27.0,49.0,893.0,296.0
28.0,49.0,894.0,301.0
29.0,49.0,896.0,306.0
30.0,49.0,898.0,311.0
31.0,49.0,880.0,333.0
32.0,49.0,889.0,332.0
33.0,49.0,898.0,333.0
34.0,49.0,905.0,331.0
35.0,49.0,912.0,330.0
36.0,49.0,847.0,311.0
37.0,49.0,854.0,304.0
38.0,49.0,863.0,302.0
39.0,49.0,871.0,307.0
40.0,49.0,864.0,309.0
41.0,49.0,855.0,310.0
42.0,49.0,907.0,304.0
43.0,49.0,914.0,299.0
44.0,49.0,922.0,299.0
45.0,49.0,929.0,303.0
46.0,49.0,923.0,304.0
47.0,49.0,915.0,304.0
48.0,49.0,869.0,366.0
49.0,49.0,880.0,350.0
50.0,49.0,891.0,343.0
51.0,49.0,898.0,344.0
52.0,49.0,904.0,342.0
53.0,49.0,913.0,349.0
54.0,49.0,921.0,363.0
55.0,49.0,913.0,364.0
56.0,49.0,906.0,364.0
57.0,49.0,899.0,365.0
58.0,49.0,892.0,365.0
59.0,49.0,882.0,366.0
60.0,49.0,874.0,363.0
61.0,49.0,892.0,352.0
62.0,49.0,898.0,352.0
63.0,49.0,904.0,352.0
64.0,49.0,916.0,361.0
65.0,49.0,905.0,356.0
66.0,49.0,898.0,356.0
67.0,49.0,892.0,357.0
0.0,50.0,806.0,333.0
1.0,50.0,809.0,349.0
2.0,50.0,812.0,365.0
3.0,50.0,817.0,380.0
4.0,50.0,827.0,393.0
5.0,50.0,841.0,402.0
6.0,50.0,859.0,407.0
7.0,50.0,879.0,409.0
8.0,50.0,899.0,408.0
9.0,50.0,914.0,403.0
10.0,50.0,924.0,396.0
11.0,50.0,931.0,386.0
12.0,50.0,935.0,374.0
13.0,50.0,936.0,361.0
14.0,50.0,936.0,348.0
15.0,50.0,935.0,335.0
16.0,50.0,934.0,323.0
17.0,50.0,833.0,306.0
18.0,50.0,843.0,296.0
19.0,50.0,856.0,291.0
20.0,50.0,871.0,291.0
21.0,50.0,883.0,294.0
22.0,50.0,902.0,292.0
23.0,50.0,910.0,288.0
24.0,50.0,919.0,286.0
25.0,50.0,927.0,287.0
26.0,50.0,932.0,294.0
27.0,50.0,894.0,302.0
28.0,50.0,896.0,307.0
29.0,50.0,899.0,312.0
30.0,50.0,902.0,318.0
31.0,50.0,884.0,337.0
32.0,50.0,892.0,337.0
33.0,50.0,899.0,337.0
34.0,50.0,905.0,336.0
35.0,50.0,910.0,334.0
36.0,50.0,848.0,313.0
37.0,50.0,856.0,309.0
38.0,50.0,864.0,307.0
39.0,50.0,871.0,310.0
40.0,50.0,865.0,312.0
41.0,50.0,856.0,313.0
42.0,50.0,906.0,307.0
43.0,50.0,912.0,302.0
44.0,50.0,919.0,302.0
45.0,50.0,924.0,306.0
46.0,50.0,920.0,307.0
47.0,50.0,913.0,307.0
48.0,50.0,870.0,367.0
49.0,50.0,882.0,354.0
50.0,50.0,892.0,348.0
51.0,50.0,898.0,348.0
52.0,50.0,904.0,347.0
53.0,50.0,910.0,352.0
54.0,50.0,915.0,363.0
55.0,50.0,910.0,364.0
56.0,50.0,905.0,365.0
57.0,50.0,899.0,366.0
58.0,50.0,893.0,367.0
59.0,50.0,883.0,368.0
60.0,50.0,875.0,365.0
61.0,50.0,893.0,356.0
62.0,50.0,898.0,355.0
63.0,50.0,904.0,354.0
64.0,50.0,911.0,361.0
65.0,50.0,904.0,357.0
66.0,50.0,899.0,358.0
67.0,50.0,893.0,359.0
0.0,51.0,809.3333333333334,332.6666666666667
1.0,51.0,812.3333333333334,349.0
2.0,51.0,815.6666666666666,365.3333333333333
3.0,51.0,820.6666666666666,380.6666666666667
4.0,51.0,830.3333333333334,393.6666666666667
5.0,51.0,844.3333333333334,403.0
6.0,51.0,862.3333333333334,408.3333333333333
7.0,51.0,882.3333333333334,410.6666666666667
8.0,51.0,902.3333333333334,409.3333333333333
9.0,51.0,917.6666666666666,404.3333333333333
10.0,51.0,928.0,397.3333333333333
11.0,51.0,935.3333333333334,387.0
12.0,51.0,939.6666666666666,374.6666666666667
13.0,51.0,940.6666666666666,361.3333333333333
14.0,51.0,940.6666666666666,348.0
15.0,51.0,939.3333333333334,334.6666666666667
16.0,51.0,938.0,322.0
17.0,51.0,836.3333333333334,307.3333333333333
18.0,51.0,845.6666666666666,297.0
19.0,51.0,858.6666666666666,291.0
20.0,51.0,873.3333333333334,290.6666666666667
21.0,51.0,886.0,293.6666666666667
22.0,51.0,904.0,291.3333333333333
23.0,51.0,912.3333333333334,286.6666666666667
24.0,51.0,921.6666666666666,284.6666666666667
25.0,51.0,930.0,286.0
26.0,51.0,934.6666666666666,293.6666666666667
27.0,51.0,896.6666666666666,301.6666666666667
28.0,51.0,898.6666666666666,306.3333333333333
29.0,51.0,901.3333333333334,311.3333333333333
30.0,51.0,904.3333333333334,317.0
31.0,51.0,886.6666666666666,336.3333333333333
32.0,51.0,894.6666666666666,336.3333333333333
33.0,51.0,901.6666666666666,336.3333333333333
34.0,51.0,907.6666666666666,335.3333333333333
35.0,51.0,912.6666666666666,333.3333333333333
36.0,51.0,851.6666666666666,313.6666666666667
37.0,51.0,859.3333333333334,309.3333333333333
38.0,51.0,867.0,307.3333333333333
39.0,51.0,874.3333333333334,309.6666666666667
40.0,51.0,868.3333333333334,312.0
41.0,51.0,860.0,313.3333333333333
42.0,51.0,908.6666666666666,306.3333333333333
43.0,51.0,914.6666666666666,301.6666666666667
44.0,51.0,921.6666666666666,301.6666666666667
45.0,51.0,926.6666666666666,305.6666666666667
46.0,51.0,922.3333333333334,306.3333333333333
47.0,51.0,915.6666666666666,306.3333333333333
48.0,51.0,872.6666666666666,367.3333333333333
49.0,51.0,884.3333333333334,354.3333333333333
50.0,51.0,894.6666666666666,348.3333333333333
51.0,51.0,900.6666666666666,348.6666666666667
52.0,51.0,906.6666666666666,347.3333333333333
53.0,51.0,913.0,352.0
54.0,51.0,918.0,363.0
55.0,51.0,913.0,364.6666666666667
56.0,51.0,907.6666666666666,365.6666666666667
57.0,51.0,901.6666666666666,366.6666666666667
58.0,51.0,895.3333333333334,367.6666666666667
59.0,51.0,885.3333333333334,368.3333333333333
60.0,51.0,877.3333333333334,365.3333333333333
61.0,51.0,895.3333333333334,356.0
62.0,51.0,900.6666666666666,355.0
63.0,51.0,906.6666666666666,354.0
64.0,51.0,914.0,361.0
65.0,51.0,906.6666666666666,358.0
66.0,51.0,901.3333333333334,359.0
67.0,51.0,895.3333333333334,360.0
0.0,52.0,812.6666666666666,332.3333333333333
1.0,52.0,815.6666666666666,349.0
2.0,52.0,819.3333333333334,365.6666666666667
3.0,52.0,824.3333333333334,381.3333333333333
4.0,52.0,833.6666666666666,394.3333333333333
5.0,52.0,847.6666666666666,404.0
6.0,52.0,865.6666666666666,409.6666666666667
7.0,52.0,885.6666666666666,412.3333333333333
8.0,52.0,905.6666666666666,410.6666666666667
9.0,52.0,921.3333333333334,405.6666666666667
10.0,52.0,932.0,398.6666666666667
11.0,52.0,939.6666666666666,388.0
12.0,52.0,944.3333333333334,375.3333333333333
13.0,52.0,945.3333333333334,361.6666666666667
14.0,52.0,945.3333333333334,348.0
15.0,52.0,943.6666666666666,334.3333333333333
16.0,52.0,942.0,321.0
17.0,52.0,839.6666666666666,308.6666666666667
18.0,52.0,848.3333333333334,298.0
19.0,52.0,861.3333333333334,291.0
20.0,52.0,875.6666666666666,290.3333333333333
21.0,52.0,889.0,293.3333333333333
22.0,52.0,906.0,290.6666666666667
23.0,52.0,914.6666666666666,285.3333333333333
24.0,52.0,924.3333333333334,283.3333333333333
25.0,52.0,933.0,285.0
26.0,52.0,937.3333333333334,293.3333333333333
27.0,52.0,899.3333333333334,301.3333333333333
28.0,52.0,901.3333333333334,305.6666666666667
29.0,52.0,903.6666666666666,310.6666666666667
30.0,52.0,906.6666666666666,316.0
31.0,52.0,889.3333333333334,335.6666666666667
32.0,52.0,897.3333333333334,335.6666666666667
33.0,52.0,904.3333333333334,335.6666666666667
34.0,52.0,910.3333333333334,334.6666666666667
35.0,52.0,915.3333333333334,332.6666666666667
36.0,52.0,855.3333333333334,314.3333333333333
37.0,52.0,862.6666666666666,309.6666666666667
38.0,52.0,870.0,307.6666666666667
39.0,52.0,877.6666666666666,309.3333333333333
40.0,52.0,871.6666666666666,312.0
41.0,52.0,864.0,313.6666666666667
42.0,52.0,911.3333333333334,305.6666666666667
43.0,52.0,917.3333333333334,301.3333333333333
44.0,52.0,924.3333333333334,301.3333333333333
45.0,52.0,929.3333333333334,305.3333333333333
46.0,52.0,924.6666666666666,305.6666666666667
47.0,52.0,918.3333333333334,305.6666666666667
48.0,52.0,875.3333333333334,367.6666666666667
49.0,52.0,886.6666666666666,354.6666666666667
50.0,52.0,897.3333333333334,348.6666666666667
51.0,52.0,903.3333333333334,349.3333333333333
52.0,52.0,909.3333333333334,347.6666666666667
53.0,52.0,916.0,352.0
54.0,52.0,921.0,363.0
55.0,52.0,916.0,365.3333333333333
56.0,52.0,910.3333333333334,366.3333333333333
57.0,52.0,904.3333333333334,367.3333333333333
58.0,52.0,897.6666666666666,368.3333333333333
59.0,52.0,887.6666666666666,368.6666666666667
60.0,52.0,879.6666666666666,365.6666666666667
61.0,52.0,897.6666666666666,356.0
62.0,52.0,903.3333333333334,355.0
63.0,52.0,909.3333333333334,354.0
64.0,52.0,917.0,361.0
65.0,52.0,909.3333333333334,359.0
66.0,52.0,903.6666666666666,360.0
67.0,52.0,897.6666666666666,361.0
0.0,53.0,816.0,332.0
1.0,53.0,819.0,349.0
2.0,53.0,823.0,366.0
3.0,53.0,828.0,382.0
4.0,53.0,837.0,395.0
5.0,53.0,851.0,405.0
6.0,53.0,869.0,411.0
7.0,53.0,889.0,414.0
8.0,53.0,909.0,412.0
9.0,53.0,925.0,407.0
10.0,53.0,936.0,400.0
11.0,53.0,944.0,389.0
12.0,53.0,949.0,376.0
13.0,53.0,950.0,362.0
14.0,53.0,950.0,348.0
15.0,53.0,948.0,334.0
16.0,53.0,946.0,320.0
17.0,53.0,843.0,310.0
18.0,53.0,851.0,299.0
19.0,53.0,864.0,291.0
20.0,53.0,878.0,290.0
21.0,53.0,892.0,293.0
22.0,53.0,908.0,290.0
23.0,53.0,917.0,284.0
24.0,53.0,927.0,282.0
25.0,53.0,936.0,284.0
26.0,53.0,940.0,293.0
27.0,53.0,902.0,301.0
28.0,53.0,904.0,305.0
29.0,53.0,906.0,310.0
30.0,53.0,909.0,315.0
31.0,53.0,892.0,335.0
32.0,53.0,900.0,335.0
33.0,53.0,907.0,335.0
34.0,53.0,913.0,334.0
35.0,53.0,918.0,332.0
36.0,53.0,859.0,315.0
37.0,53.0,866.0,310.0
38.0,53.0,873.0,308.0
39.0,53.0,881.0,309.0
40.0,53.0,875.0,312.0
41.0,53.0,868.0,314.0
42.0,53.0,914.0,305.0
43.0,53.0,920.0,301.0
44.0,53.0,927.0,301.0
45.0,53.0,932.0,305.0
46.0,53.0,927.0,305.0
47.0,53.0,921.0,305.0
48.0,53.0,878.0,368.0
49.0,53.0,889.0,355.0
50.0,53.0,900.0,349.0
51.0,53.0,906.0,350.0
52.0,53.0,912.0,348.0
53.0,53.0,919.0,352.0
54.0,53.0,924.0,363.0
55.0,53.0,919.0,366.0
56.0,53.0,913.0,367.0
57.0,53.0,907.0,368.0
58.0,53.0,900.0,369.0
59.0,53.0,890.0,369.0
60.0,53.0,882.0,366.0
61.0,53.0,900.0,356.0
62.0,53.0,906.0,355.0
63.0,53.0,912.0,354.0
64.0,53.0,920.0,361.0
65.0,53.0,912.0,360.0
66.0,53.0,906.0,361.0
67.0,53.0,900.0,362.0
0.0,54.0,801.0,349.0
1.0,54.0,803.0,368.0
2.0,54.0,805.0,388.0
3.0,54.0,809.0,406.0
4.0,54.0,820.0,421.0
5.0,54.0,835.0,430.0
6.0,54.0,857.0,434.0
7.0,54.0,882.0,433.0
8.0,54.0,904.0,430.0
9.0,54.0,923.0,426.0
10.0,54.0,939.0,421.0
11.0,54.0,953.0,414.0
12.0,54.0,962.0,402.0
13.0,54.0,966.0,386.0
14.0,54.0,965.0,368.0
15.0,54.0,963.0,350.0
16.0,54.0,960.0,331.0
17.0,54.0,823.0,314.0
18.0,54.0,831.0,299.0
19.0,54.0,844.0,290.0
20.0,54.0,862.0,287.0
21.0,54.0,877.0,289.0
22.0,54.0,897.0,285.0
23.0,54.0,910.0,280.0
24.0,54.0,923.0,281.0
25.0,54.0,934.0,286.0
26.0,54.0,942.0,296.0
27.0,54.0,891.0,304.0
28.0,54.0,893.0,309.0
29.0,54.0,895.0,314.0
30.0,54.0,896.0,320.0
31.0,54.0,879.0,343.0
32.0,54.0,889.0,343.0
33.0,54.0,897.0,343.0
34.0,54.0,904.0,341.0
35.0,54.0,911.0,339.0
36.0,54.0,842.0,322.0
37.0,54.0,850.0,316.0
38.0,54.0,859.0,313.0
39.0,54.0,868.0,316.0
40.0,54.0,861.0,318.0
41.0,54.0,852.0,320.0
42.0,54.0,906.0,311.0
43.0,54.0,914.0,307.0
44.0,54.0,922.0,308.0
45.0,54.0,929.0,311.0
46.0,54.0,922.0,311.0
47.0,54.0,915.0,311.0
48.0,54.0,868.0,383.0
49.0,54.0,879.0,365.0
50.0,54.0,890.0,357.0
51.0,54.0,897.0,358.0
52.0,54.0,904.0,356.0
53.0,54.0,912.0,362.0
54.0,54.0,922.0,375.0
55.0,54.0,914.0,377.0
56.0,54.0,907.0,377.0
57.0,54.0,899.0,379.0
58.0,54.0,893.0,380.0
59.0,54.0,881.0,382.0
60.0,54.0,874.0,379.0
61.0,54.0,891.0,366.0
62.0,54.0,897.0,365.0
63.0,54.0,904.0,364.0
64.0,54.0,917.0,373.0
65.0,54.0,905.0,370.0
66.0,54.0,898.0,371.0
67.0,54.0,891.0,372.0
0.0,55.0,802.0,341.0
1.0,55.0,803.0,360.0
2.0,55.0,805.0,380.0
3.0,55.0,811.0,397.0
4.0,55.0,823.0,411.0
5.0,55.0,839.0,420.0
6.0,55.0,860.0,424.0
7.0,55.0,882.0,425.0
8.0,55.0,903.0,423.0
9.0,55.0,922.0,420.0
10.0,55.0,938.0,416.0
11.0,55.0,953.0,408.0
12.0,55.0,963.0,396.0
13.0,55.0,968.0,380.0
14.0,55.0,968.0,362.0
15.0,55.0,965.0,343.0
16.0,55.0,961.0,324.0
17.0,55.0,823.0,303.0
18.0,55.0,831.0,288.0
19.0,55.0,845.0,279.0
20.0,55.0,862.0,277.0
21.0,55.0,877.0,282.0
22.0,55.0,894.0,281.0
23.0,55.0,908.0,275.0
24.0,55.0,922.0,275.0
25.0,55.0,935.0,280.0
26.0,55.0,943.0,292.0
27.0,55.0,889.0,300.0
28.0,55.0,891.0,305.0
29.0,55.0,893.0,310.0
30.0,55.0,895.0,316.0
31.0,55.0,876.0,340.0
32.0,55.0,886.0,340.0
33.0,55.0,896.0,340.0
34.0,55.0,904.0,339.0
35.0,55.0,911.0,337.0
36.0,55.0,842.0,314.0
37.0,55.0,850.0,309.0
38.0,55.0,858.0,307.0
39.0,55.0,867.0,309.0
40.0,55.0,859.0,310.0
41.0,55.0,851.0,312.0
42.0,55.0,907.0,307.0
43.0,55.0,916.0,304.0
44.0,55.0,924.0,304.0
45.0,55.0,931.0,307.0
46.0,55.0,924.0,307.0
47.0,55.0,916.0,307.0
48.0,55.0,869.0,376.0
49.0,55.0,879.0,361.0
50.0,55.0,890.0,353.0
51.0,55.0,897.0,354.0
52.0,55.0,904.0,352.0
53.0,55.0,914.0,359.0
54.0,55.0,923.0,371.0
55.0,55.0,915.0,373.0
56.0,55.0,907.0,374.0
57.0,55.0,899.0,375.0
58.0,55.0,892.0,376.0
59.0,55.0,881.0,376.0
60.0,55.0,874.0,373.0
61.0,55.0,891.0,363.0
62.0,55.0,897.0,363.0
63.0,55.0,904.0,362.0
64.0,55.0,918.0,369.0
65.0,55.0,905.0,364.0
66.0,55.0,898.0,365.0
67.0,55.0,892.0,365.0
0.0,56.0,803.0,344.0
1.0,56.0,804.0,362.0
2.0,56.0,807.0,381.0
3.0,56.0,813.0,398.0
4.0,56.0,824.0,411.0
5.0,56.0,839.0,420.0
6.0,56.0,858.0,426.0
7.0,56.0,878.0,429.0
8.0,56.0,898.0,428.0
9.0,56.0,916.0,424.0
10.0,56.0,931.0,418.0
11.0,56.0,944.0,410.0
12.0,56.0,955.0,398.0
13.0,56.0,961.0,383.0
14.0,56.0,962.0,366.0
15.0,56.0,959.0,347.0
16.0,56.0,956.0,329.0
17.0,56.0,823.0,308.0
18.0,56.0,829.0,293.0
19.0,56.0,841.0,285.0
20.0,56.0,857.0,283.0
21.0,56.0,871.0,288.0
22.0,56.0,891.0,285.0
23.0,56.0,902.0,279.0
24.0,56.0,916.0,277.0
25.0,56.0,928.0,281.0
26.0,56.0,936.0,291.0
27.0,56.0,885.0,304.0
28.0,56.0,886.0,310.0
29.0,56.0,888.0,316.0
30.0,56.0,890.0,322.0
31.0,56.0,873.0,344.0
32.0,56.0,882.0,344.0
33.0,56.0,891.0,345.0
34.0,56.0,899.0,343.0
35.0,56.0,906.0,341.0
36.0,56.0,840.0,317.0
37.0,56.0,846.0,312.0
38.0,56.0,854.0,310.0
39.0,56.0,863.0,313.0
40.0,56.0,855.0,314.0
41.0,56.0,848.0,316.0
42.0,56.0,903.0,309.0
43.0,56.0,910.0,304.0
44.0,56.0,918.0,303.0
45.0,56.0,925.0,306.0
46.0,56.0,919.0,307.0
47.0,56.0,911.0,308.0
48.0,56.0,865.0,380.0
49.0,56.0,874.0,367.0
50.0,56.0,885.0,359.0
51.0,56.0,892.0,360.0
52.0,56.0,898.0,358.0
53.0,56.0,908.0,364.0
54.0,56.0,918.0,376.0
55.0,56.0,909.0,379.0
56.0,56.0,902.0,380.0
57.0,56.0,894.0,381.0
58.0,56.0,887.0,381.0
59.0,56.0,876.0,382.0
60.0,56.0,871.0,378.0
61.0,56.0,886.0,369.0
62.0,56.0,892.0,368.0
63.0,56.0,899.0,368.0
64.0,56.0,912.0,374.0
65.0,56.0,900.0,370.0
66.0,56.0,893.0,371.0
67.0,56.0,886.0,372.0
0.0,57.0,797.0,347.0
1.0,57.0,800.0,367.0
2.0,57.0,803.0,387.0
3.0,57.0,808.0,405.0
4.0,57.0,818.0,419.0
5.0,57.0,833.0,430.0
6.0,57.0,852.0,435.0
7.0,57.0,874.0,435.0
8.0,57.0,895.0,432.0
9.0,57.0,914.0,427.0
10.0,57.0,928.0,421.0
11.0,57.0,941.0,412.0
12.0,57.0,949.0,398.0
13.0,57.0,953.0,383.0
14.0,57.0,955.0,365.0
15.0,57.0,955.0,347.0
16.0,57.0,954.0,329.0
17.0,57.0,815.0,310.0
18.0,57.0,822.0,296.0
19.0,57.0,835.0,288.0
20.0,57.0,851.0,287.0
21.0,57.0,864.0,292.0
22.0,57.0,891.0,290.0
23.0,57.0,904.0,284.0
24.0,57.0,917.0,284.0
25.0,57.0,928.0,288.0
26.0,57.0,935.0,299.0
27.0,57.0,880.0,307.0
28.0,57.0,882.0,314.0
29.0,57.0,884.0,320.0
30.0,57.0,887.0,327.0
31.0,57.0,869.0,349.0
32.0,57.0,878.0,350.0
33.0,57.0,887.0,351.0
34.0,57.0,895.0,348.0
35.0,57.0,902.0,346.0
36.0,57.0,833.0,322.0
37.0,57.0,841.0,317.0
38.0,57.0,849.0,315.0
39.0,57.0,859.0,317.0
40.0,57.0,851.0,319.0
41.0,57.0,842.0,321.0
42.0,57.0,899.0,313.0
43.0,57.0,907.0,310.0
44.0,57.0,915.0,311.0
45.0,57.0,922.0,314.0
46.0,57.0,915.0,314.0
47.0,57.0,907.0,314.0
48.0,57.0,861.0,387.0
49.0,57.0,872.0,372.0
50.0,57.0,882.0,365.0
51.0,57.0,889.0,365.0
52.0,57.0,896.0,363.0
53.0,57.0,904.0,368.0
54.0,57.0,914.0,380.0
55.0,57.0,906.0,382.0
56.0,57.0,898.0,384.0
57.0,57.0,891.0,385.0
58.0,57.0,884.0,386.0
59.0,57.0,873.0,388.0
60.0,57.0,866.0,384.0
61.0,57.0,883.0,374.0
62.0,57.0,889.0,373.0
63.0,57.0,896.0,372.0
64.0,57.0,908.0,378.0
65.0,57.0,897.0,375.0
66.0,57.0,890.0,376.0
67.0,57.0,883.0,377.0
0.0,58.0,801.0,349.0
1.0,58.0,804.0,367.0
2.0,58.0,808.0,385.0
3.0,58.0,815.0,402.0
4.0,58.0,825.0,416.0
5.0,58.0,840.0,425.0
6.0,58.0,858.0,431.0
7.0,58.0,878.0,434.0
8.0,58.0,897.0,433.0
9.0,58.0,917.0,429.0
10.0,58.0,932.0,424.0
11.0,58.0,947.0,415.0
12.0,58.0,958.0,402.0
13.0,58.0,964.0,386.0
14.0,58.0,964.0,366.0
15.0,58.0,960.0,346.0
16.0,58.0,956.0,326.0
17.0,58.0,818.0,317.0
18.0,58.0,824.0,301.0
19.0,58.0,837.0,291.0
20.0,58.0,853.0,288.0
21.0,58.0,868.0,292.0
22.0,58.0,883.0,289.0
23.0,58.0,896.0,281.0
24.0,58.0,911.0,280.0
25.0,58.0,924.0,285.0
26.0,58.0,933.0,297.0
27.0,58.0,879.0,307.0
28.0,58.0,882.0,315.0
29.0,58.0,884.0,322.0
30.0,58.0,886.0,330.0
31.0,58.0,870.0,352.0
32.0,58.0,880.0,351.0
33.0,58.0,889.0,351.0
34.0,58.0,897.0,348.0
35.0,58.0,905.0,347.0
36.0,58.0,837.0,323.0
37.0,58.0,843.0,317.0
38.0,58.0,851.0,315.0
39.0,58.0,861.0,318.0
40.0,58.0,853.0,320.0
41.0,58.0,845.0,322.0
42.0,58.0,899.0,312.0
43.0,58.0,906.0,306.0
44.0,58.0,914.0,305.0
45.0,58.0,922.0,308.0
46.0,58.0,915.0,310.0
47.0,58.0,907.0,311.0
48.0,58.0,863.0,387.0
49.0,58.0,873.0,374.0
50.0,58.0,882.0,366.0
51.0,58.0,890.0,367.0
52.0,58.0,897.0,365.0
53.0,58.0,906.0,370.0
54.0,58.0,918.0,380.0
55.0,58.0,909.0,382.0
56.0,58.0,901.0,383.0
57.0,58.0,893.0,384.0
58.0,58.0,886.0,385.0
59.0,58.0,876.0,387.0
60.0,58.0,869.0,384.0
61.0,58.0,883.0,375.0
62.0,58.0,891.0,374.0
63.0,58.0,897.0,373.0
64.0,58.0,913.0,378.0
65.0,58.0,898.0,374.0
66.0,58.0,892.0,375.0
67.0,58.0,884.0,377.0
0.0,59.0,801.0,341.0
1.0,59.0,804.0,360.0
2.0,59.0,806.0,379.0
3.0,59.0,812.0,397.0
4.0,59.0,823.0,411.0
5.0,59.0,838.0,421.0
6.0,59.0,856.0,427.0
7.0,59.0,876.0,430.0
8.0,59.0,897.0,429.0
9.0,59.0,916.0,426.0
10.0,59.0,932.0,420.0
11.0,59.0,947.0,412.0
12.0,59.0,959.0,400.0
13.0,59.0,966.0,384.0
14.0,59.0,968.0,365.0
15.0,59.0,966.0,346.0
16.0,59.0,963.0,327.0
17.0,59.0,821.0,309.0
18.0,59.0,828.0,294.0
19.0,59.0,841.0,285.0
20.0,59.0,858.0,282.0
21.0,59.0,873.0,286.0
22.0,59.0,889.0,286.0
23.0,59.0,903.0,280.0
24.0,59.0,918.0,279.0
25.0,59.0,931.0,285.0
26.0,59.0,939.0,297.0
27.0,59.0,884.0,303.0
28.0,59.0,886.0,309.0
29.0,59.0,888.0,315.0
30.0,59.0,889.0,323.0
31.0,59.0,872.0,346.0
32.0,59.0,882.0,345.0
33.0,59.0,891.0,346.0
34.0,59.0,899.0,344.0
35.0,59.0,907.0,342.0
36.0,59.0,840.0,316.0
37.0,59.0,847.0,311.0
38.0,59.0,855.0,309.0
39.0,59.0,863.0,312.0
40.0,59.0,856.0,313.0
41.0,59.0,849.0,315.0
42.0,59.0,903.0,309.0
43.0,59.0,911.0,305.0
44.0,59.0,918.0,306.0
45.0,59.0,926.0,308.0
46.0,59.0,919.0,309.0
47.0,59.0,911.0,309.0
48.0,59.0,864.0,382.0
49.0,59.0,874.0,368.0
50.0,59.0,884.0,361.0
51.0,59.0,891.0,362.0
52.0,59.0,898.0,359.0
53.0,59.0,908.0,365.0
54.0,59.0,918.0,376.0
55.0,59.0,909.0,379.0
56.0,59.0,901.0,379.0
57.0,59.0,894.0,380.0
58.0,59.0,886.0,381.0
59.0,59.0,876.0,382.0
60.0,59.0,870.0,379.0
61.0,59.0,885.0,370.0
62.0,59.0,892.0,370.0
63.0,59.0,899.0,369.0
64.0,59.0,912.0,374.0
65.0,59.0,899.0,369.0
66.0,59.0,892.0,370.0
67.0,59.0,885.0,371.0
0.0,60.0,804.0,340.0
1.0,60.0,805.0,359.0
2.0,60.0,807.0,379.0
3.0,60.0,811.0,397.0
4.0,60.0,822.0,412.0
5.0,60.0,837.0,423.0
6.0,60.0,857.0,429.0
7.0,60.0,877.0,432.0
8.0,60.0,899.0,431.0
9.0,60.0,918.0,428.0
10.0,60.0,934.0,422.0
11.0,60.0,949.0,414.0
12.0,60.0,960.0,401.0
13.0,60.0,966.0,386.0
14.0,60.0,969.0,368.0
15.0,60.0,968.0,349.0
16.0,60.0,967.0,331.0
17.0,60.0,825.0,305.0
18.0,60.0,833.0,291.0
19.0,60.0,847.0,282.0
20.0,60.0,863.0,281.0
21.0,60.0,878.0,285.0
22.0,60.0,896.0,285.0
23.0,60.0,910.0,281.0
24.0,60.0,925.0,281.0
25.0,60.0,938.0,288.0
26.0,60.0,945.0,300.0
27.0,60.0,889.0,303.0
28.0,60.0,890.0,310.0
29.0,60.0,891.0,316.0
30.0,60.0,892.0,323.0
31.0,60.0,874.0,344.0
32.0,60.0,884.0,345.0
33.0,60.0,893.0,346.0
34.0,60.0,901.0,344.0
35.0,60.0,909.0,343.0
36.0,60.0,844.0,314.0
37.0,60.0,851.0,310.0
38.0,60.0,859.0,308.0
39.0,60.0,867.0,311.0
40.0,60.0,860.0,312.0
41.0,60.0,852.0,313.0
42.0,60.0,908.0,310.0
43.0,60.0,916.0,307.0
44.0,60.0,923.0,308.0
45.0,60.0,931.0,311.0
46.0,60.0,923.0,311.0
47.0,60.0,916.0,310.0
48.0,60.0,865.0,381.0
49.0,60.0,876.0,367.0
50.0,60.0,887.0,361.0
51.0,60.0,894.0,362.0
52.0,60.0,901.0,360.0
53.0,60.0,911.0,366.0
54.0,60.0,921.0,378.0
55.0,60.0,911.0,380.0
56.0,60.0,902.0,380.0
57.0,60.0,895.0,380.0
58.0,60.0,887.0,381.0
59.0,60.0,877.0,381.0
60.0,60.0,870.0,378.0
61.0,60.0,887.0,370.0
62.0,60.0,894.0,370.0
63.0,60.0,901.0,370.0
64.0,60.0,915.0,376.0
65.0,60.0,901.0,370.0
66.0,60.0,894.0,371.0
67.0,60.0,887.0,371.0
0.0,61.0,805.0,343.0
1.0,61.0,807.0,361.0
2.0,61.0,809.0,379.0
3.0,61.0,815.0,396.0
4.0,61.0,825.0,410.0
5.0,61.0,839.0,421.0
6.0,61.0,857.0,429.0
7.0,61.0,876.0,433.0
8.0,61.0,896.0,433.0
9.0,61.0,916.0,430.0
10.0,61.0,932.0,423.0
11.0,61.0,947.0,414.0
12.0,61.0,959.0,401.0
13.0,61.0,965.0,385.0
14.0,61.0,967.0,365.0
15.0,61.0,964.0,346.0
16.0,61.0,961.0,326.0
17.0,61.0,825.0,309.0
18.0,61.0,832.0,296.0
19.0,61.0,845.0,287.0
20.0,61.0,860.0,285.0
21.0,61.0,875.0,288.0
22.0,61.0,890.0,285.0
23.0,61.0,903.0,278.0
24.0,61.0,917.0,276.0
25.0,61.0,930.0,280.0
26.0,61.0,939.0,292.0
27.0,61.0,885.0,305.0
28.0,61.0,887.0,312.0
29.0,61.0,889.0,320.0
30.0,61.0,890.0,328.0
31.0,61.0,874.0,349.0
32.0,61.0,883.0,349.0
33.0,61.0,892.0,350.0
34.0,61.0,900.0,348.0
35.0,61.0,908.0,346.0
36.0,61.0,843.0,319.0
37.0,61.0,849.0,314.0
38.0,61.0,858.0,312.0
39.0,61.0,867.0,315.0
40.0,61.0,859.0,317.0
41.0,61.0,851.0,318.0
42.0,61.0,904.0,310.0
43.0,61.0,912.0,304.0
44.0,61.0,920.0,303.0
45.0,61.0,928.0,306.0
46.0,61.0,921.0,308.0
47.0,61.0,913.0,310.0
48.0,61.0,863.0,385.0
49.0,61.0,873.0,372.0
50.0,61.0,884.0,364.0
51.0,61.0,891.0,366.0
52.0,61.0,898.0,364.0
53.0,61.0,909.0,369.0
54.0,61.0,920.0,380.0
55.0,61.0,910.0,384.0
56.0,61.0,901.0,386.0
57.0,61.0,893.0,387.0
58.0,61.0,886.0,387.0
59.0,61.0,875.0,387.0
60.0,61.0,868.0,382.0
61.0,61.0,885.0,374.0
62.0,61.0,892.0,373.0
63.0,61.0,899.0,373.0
64.0,61.0,915.0,379.0
65.0,61.0,899.0,376.0
66.0,61.0,892.0,377.0
67.0,61.0,885.0,377.0
